tag,split,pair,d_r2,ci_lo,ci_hi,significant,winner,p_one_sided,d_rmse,d_rmse_ci_lo,d_rmse_ci_hi
a2a,random,seed42,-0.043115457149100145,-0.08241151214127256,-0.004675721990990348,True,rf,0.0125,0.048473946020748726,0.00520484954154483,0.09148052729300088
a2a,random,mean3,-0.03591609165070031,-0.0753787530783891,0.0018817846670896566,False,tie,0.0311,0.04062588549098489,-0.00196548244499403,0.08630286351732838
a2a,scaffold,seed42,-0.02658102691844133,-0.067457336003493,0.009753418809169733,False,tie,0.0771,0.0219139029583173,-0.008111806283573346,0.053185973741651585
a2a,scaffold,mean3,-0.010997874440344724,-0.043797832290862725,0.020944699716115164,False,tie,0.2392,0.00917703540799375,-0.017412197000668636,0.03593130577430504
abl1,random,seed42,-0.041054487662404715,-0.08177777886860156,-0.004914120621912449,True,rf,0.0114,0.06754850715132632,0.00802819835866227,0.12956535912610415
abl1,random,mean3,-0.028279775500949955,-0.06288844692528223,0.00335186131022023,False,tie,0.0417,0.0471691494933415,-0.005624772730323146,0.10278170088324429
abl1,scaffold,seed42,0.030266194113839684,0.001864672086216396,0.06002376543143469,True,gin,0.9825,-0.03624118608243354,-0.07115245231907379,-0.0021616492834000893
abl1,scaffold,mean3,0.005398549365368099,-0.02304159896320558,0.03328759520218363,False,tie,0.6504,-0.00631348850471336,-0.03976585208930412,0.025742104548656906
egfr,random,seed42,-0.055817125867233086,-0.08005321546568019,-0.03159385346353894,True,rf,0.0,0.07247212205587128,0.04092274650077975,0.10320374819916647
egfr,random,mean3,-0.030775260475340627,-0.0541316531825446,-0.007967106936821467,True,rf,0.0036,0.04084464508336916,0.010616595623779554,0.07097574837822353
egfr,scaffold,seed42,-0.017968809597040947,-0.05507001794206741,0.01788939075360706,False,tie,0.1661,0.019305015556146055,-0.019506179844114964,0.05807301171006935
egfr,scaffold,mean3,-0.012044499983028034,-0.047999016101358566,0.02348415417921435,False,tie,0.2543,0.012982931624041627,-0.025429322107882655,0.05104820270230973
egfr_full,random,seed42,-0.05861475702829666,-0.0750849779189136,-0.04236785381635665,True,rf,0.0,0.0816387961560674,0.059156923148065484,0.10377989902624238
egfr_full,random,mean3,-0.03325446898876305,-0.04794369385185438,-0.018463882081649334,True,rf,0.0,0.047398708392137445,0.026306758982808008,0.06797815283907939
egfr_full,scaffold,seed42,-0.03254555462643682,-0.05609486823105039,-0.00968838859235165,True,rf,0.0023,0.0348659082397027,0.010375168922075637,0.05911185630970436
egfr_full,scaffold,mean3,-0.005271115493229228,-0.02735728796247568,0.015924147339916598,False,tie,0.317,0.005739023217540384,-0.017432934829677216,0.02938088083984833
herg,random,seed42,-0.021272998862933212,-0.05348376078837783,0.01194092511656964,False,tie,0.1025,0.01567154018052508,-0.008713165741179451,0.039263341953905434
herg,random,mean3,0.028199530371567416,-0.001979152913520543,0.05927696189443053,False,tie,0.9677,-0.021458244872994636,-0.045525472149204875,0.0015289856845000353
herg,scaffold,seed42,-0.013865689181347784,-0.04274096162486106,0.013651183435911906,False,tie,0.1615,0.009835571040233693,-0.009747203700498164,0.029734122396256515
herg,scaffold,mean3,0.007058705725183412,-0.020668051261649934,0.03377829257277883,False,tie,0.6985,-0.005052995575009378,-0.02438662918542757,0.014570715308177535
hivpr,random,seed42,-0.015244183203646844,-0.05142237208204629,0.01895681355118351,False,tie,0.1869,0.024805112553393682,-0.03142340181835884,0.0826061326208853
hivpr,random,mean3,0.0017915801007953869,-0.03194749103499615,0.034120346733872625,False,tie,0.536,-0.0029619747568252475,-0.056732534932630835,0.052527483238155044
hivpr,scaffold,seed42,-0.0009536903772874306,-0.04526163429041192,0.04156135201627522,False,tie,0.4814,0.0009970381579479382,-0.04334604137759525,0.046908460154423785
hivpr,scaffold,mean3,-0.0010947605666833393,-0.04098907100927056,0.03931742012854572,False,tie,0.4744,0.0011444299788458956,-0.04066606438787895,0.04244953476798645
mpro,random,seed42,-0.02040310406036283,-0.05366227582995708,0.0124327552989104,False,tie,0.1114,0.022874762506298163,-0.01388275715689646,0.060112024457215134
mpro,random,mean3,-0.010743013004109292,-0.041477058116052005,0.018881245141639396,False,tie,0.2362,0.012148256106767508,-0.02106134490963579,0.04698944476631139
mpro,scaffold,seed42,-0.1301116986411005,-0.19077432562652671,-0.07476401421808951,True,rf,0.0,0.088719161251134,0.05178437489819959,0.1258638011223401
mpro,scaffold,mean3,-0.08547870912452149,-0.1315673453182859,-0.04088917747941735,True,rf,0.0,0.05943753713971711,0.02891144921274541,0.08985854286991263
vegfr2,random,seed42,-0.06772555307015393,-0.09022005461973931,-0.04652485853448932,True,rf,0.0,0.07724663353684769,0.05385083927803632,0.10140463498034276
vegfr2,random,mean3,-0.03338272790473851,-0.05260990761575536,-0.0148148758990577,True,rf,0.0002,0.0391772726690548,0.017574816684466515,0.06122493035301802
vegfr2,scaffold,seed42,0.027728622086308774,0.007623402822906492,0.04736306807670227,True,gin,0.9963,-0.028391303223797126,-0.048515550337993534,-0.00782686828685144
vegfr2,scaffold,mean3,0.018272110466773905,-0.0006868165518272652,0.036637502670614226,False,tie,0.9711,-0.018588240721249982,-0.03753106137910964,0.0007044641940724702
