tag,split,rf_r2,gine_r2_mean,gine_r2_std,gine_n_seeds,d_r2_mean,ci_lo,ci_hi,significant,note,delta_convention
a2a,random,0.7330228674390891,0.6916213631629944,0.0059347819457152675,3,-0.04140150427609468,-0.07422407924828,0.0095129826784035,False,"paired bootstrap mean3, B=10000",point=per-seed-mean_R2;ci=ensemble_mean-pred_R2
a2a,scaffold,0.6914480375001656,0.6891995271046957,0.020090076046835055,3,-0.002248510395469916,-0.0035341187086042,0.0641236591131302,False,"paired bootstrap mean3, B=10000",point=per-seed-mean_R2;ci=ensemble_mean-pred_R2
abl1,random,0.7916182497893267,0.7525689403216044,0.0074466426558374085,3,-0.03904930946772234,,,,point estimate only (no per-seed gine preds; no bootstrap),point=per-seed-mean_R2;ci=ensemble_mean-pred_R2
abl1,scaffold,0.7230727583557359,0.6383481423060099,0.08280845515689704,3,-0.08472461604972603,,,,point estimate only (no per-seed gine preds; no bootstrap),point=per-seed-mean_R2;ci=ensemble_mean-pred_R2
egfr,random,0.7466362476524925,0.6986672480901083,0.00623587030759372,3,-0.04796899956238421,-0.0487357050656755,-0.0037860497824097,True,"paired bootstrap mean3, B=10000",point=per-seed-mean_R2;ci=ensemble_mean-pred_R2
egfr,scaffold,0.5623997366302019,0.531019389629364,0.015237263076257205,3,-0.031380347000837916,-0.0436007086623475,0.0244906878225553,False,"paired bootstrap mean3, B=10000",point=per-seed-mean_R2;ci=ensemble_mean-pred_R2
egfr_full,random,0.7592274824973815,0.7095040082931519,0.003826081519555925,3,-0.04972347420422962,-0.0442138874227157,-0.0143999055337627,True,"paired bootstrap mean3, B=10000",point=per-seed-mean_R2;ci=ensemble_mean-pred_R2
egfr_full,scaffold,0.5925707030729936,0.5307573676109314,0.020351723830917285,3,-0.06181333546206225,-0.0584227970346217,-0.0083729901242873,True,"paired bootstrap mean3, B=10000",point=per-seed-mean_R2;ci=ensemble_mean-pred_R2
herg,random,0.615284609001729,0.5927204489707947,0.02536179052484933,3,-0.02256416003093431,,,,point estimate only (no per-seed gine preds; no bootstrap),point=per-seed-mean_R2;ci=ensemble_mean-pred_R2
herg,scaffold,0.4296431581428036,0.4537483851114909,0.007497807528464377,3,0.024105226968687277,,,,point estimate only (no per-seed gine preds; no bootstrap),point=per-seed-mean_R2;ci=ensemble_mean-pred_R2
hivpr,random,0.737228755910103,0.6964177091916403,0.022125989267298286,3,-0.040811046718462696,-0.0546741848445089,0.0112589114708766,False,"paired bootstrap mean3, B=10000",point=per-seed-mean_R2;ci=ensemble_mean-pred_R2
hivpr,scaffold,0.5542085824811576,0.43648608525594074,0.002429244731338966,3,-0.11772249722521683,-0.1240342191341155,-0.036482670791294,True,"paired bootstrap mean3, B=10000",point=per-seed-mean_R2;ci=ensemble_mean-pred_R2
mpro,random,0.7302308387332521,0.6939739187558492,0.010273088355740156,3,-0.03625691997740288,-0.0437393707382431,0.0103492755569523,False,"paired bootstrap mean3, B=10000",point=per-seed-mean_R2;ci=ensemble_mean-pred_R2
mpro,scaffold,0.5093452378269271,0.4115802049636841,0.021926274491666075,3,-0.097765032863243,-0.1191510574149151,-0.0270967975399182,True,"paired bootstrap mean3, B=10000",point=per-seed-mean_R2;ci=ensemble_mean-pred_R2
vegfr2,random,0.7361120175301052,0.6739077568054199,0.003081489998137954,3,-0.06220426072468532,,,,point estimate only (no per-seed gine preds; no bootstrap),point=per-seed-mean_R2;ci=ensemble_mean-pred_R2
vegfr2,scaffold,0.6169340254856632,0.5939873854319254,0.012584312276851589,3,-0.02294664005373781,,,,point estimate only (no per-seed gine preds; no bootstrap),point=per-seed-mean_R2;ci=ensemble_mean-pred_R2
