model,test_idx,smiles,y_true,pred,std,max_sim,abs_err
rf,1339,Cc1ccc(C#N)cc1-c1ccc2nc(NC(=O)[C@@H]3C[C@@H]3F)sc2c1,8.148741722106934,8.257322947084695,0.41590480493577386,0.8275862068965517,0.10858122497776179
rf,1222,Cc1cc(-c2n[nH]c3ccc(C(=O)NC(C)c4c(Cl)cncc4Cl)cc23)ccn1,6.0,5.792087334180468,0.862548913894917,0.5606060606060606,0.20791266581953227
rf,1106,C[C@@H]1COCc2nc3cc(C(=O)Nc4ccc(OC(F)(F)Cl)cc4)cc(-c4cccnn4)c3n21,8.600326538085938,9.300926153182983,0.16810291143417427,0.7721518987341772,0.7005996150970457
rf,812,COCCN1CCN(Cc2ccc(NC(=O)c3ccc(C)c(C#Cc4cnc(C(N)=O)n4C)c3)cc2C(F)(F)F)CC1,7.586315155029297,8.00223990697785,0.674556236192251,0.868421052631579,0.4159247519485536
rf,1231,Cc1cc(C)c(-c2ccc3nc(NC(=O)[C@@H]4C[C@@H]4F)sc3c2)cn1.O=C(O)C(F)(F)F.O=C(O)C(F)(F)F,7.630042552947998,7.662636572304362,0.20053313218687502,0.8909090909090909,0.03259401935636408
rf,565,CCn1nccc1CNc1cnc2[nH]c(C(=O)OC)cc2c1,6.120903968811035,6.5665484701382315,0.7218874508040837,0.6101694915254238,0.44564450132719635
rf,845,COc1cc(-c2n[nH]c3ncc(-c4cccc(O)c4)cc23)cc(OC)c1OC,7.610834121704102,6.962035797966852,1.0657336215196649,0.76,0.6487983237372497
rf,1004,COc1ccncc1-c1ccc2nc(NC(=O)[C@@H]3C[C@@H]3F)cn2c1,8.0,6.994339805105646,0.6948960954676139,0.7758620689655172,1.0056601948943538
rf,1644,Cc1cccc(C#Cc2nn(C(C)C)c3ncnc(N)c23)c1,5.874546051025391,5.677406401430819,0.6625042666936329,0.78,0.19713964959457186
rf,700,CN1CCN(c2ccc(-c3cc4c(c(N)nn4C)c(=O)[nH]3)cc2)CC1,5.107905387878418,5.547664722010968,0.8487920320457665,0.38028169014084506,0.43975933413254964
rf,1502,Cc1ccc(N)cc1-c1ccc2nc(NC(=O)[C@@H]3C[C@@H]3F)cn2c1,8.0,7.992621580037165,0.09526442423920399,0.8333333333333334,0.007378419962835281
rf,528,CCc1ccc(C(=O)Nc2cc(CN3CCN(C)CC3)cc(C(F)(F)F)c2)cc1C#Cc1cnc2cnccn12,8.026871681213379,6.60619707107544,1.0992984601862232,0.8375,1.4206746101379393
rf,2288,O=C(Nc1ccc(OC(F)(F)Cl)cc1)c1cc(-c2cncnc2)c2c(c1)ncn2C1CCOC1,9.267605781555176,9.43256572257148,0.07140165764175233,1.0,0.1649599410163045
rf,1053,CS(=O)(=O)c1ccc(CNCc2cc(C(=O)O)c(Nc3ccc(I)cc3F)c(F)c2F)cc1,4.522878646850586,5.01908749176264,0.7649437229651862,0.5507246376811594,0.4962088449120543
rf,2408,O=C(Nc1ccc(OC(F)(F)F)cc1)c1cnc(C2=CCOCC2)c(-c2cncnc2)c1,8.221848487854004,8.119382870883797,0.412172501100463,0.640625,0.10246561697020695
rf,1123,C[C@@H]1COc2nc3cc(C(=O)Nc4ccc(OC(F)(F)Cl)cc4)cc(-c4cccnn4)c3n21,9.251811981201172,9.250224950896369,0.18178011966628405,0.875,0.0015870303048028944
rf,881,COc1cc(O)c2c(c1)CCC[C@H](O)[C@H](O)C(=O)/C=C\C[C@H](C)OC2=O,5.0,5.404766672778848,0.9417954699208098,0.7368421052631579,0.40476667277884815
rf,1480,Cc1ccc(C(=O)Nc2ccc(OC(F)(F)F)cc2)cc1-n1ccnc1,8.397939682006836,7.482200636233156,0.990722996600542,0.6785714285714286,0.9157390457736803
rf,942,COc1ccc(C(=O)Nc2ccc(OC(F)(F)F)cc2)cc1-c1ccc(F)nc1,8.468521118164062,8.268522155580428,0.3138100030084335,0.75,0.19999896258363492
rf,869,COc1cc(F)c(-c2nn(C(C)C)c3ncnc(N)c23)cc1F,5.602059841156006,6.0018923086649085,0.6992096438836045,0.7115384615384616,0.39983246750890267
rf,2310,O=C(Nc1ccc(OC(F)(F)Cl)cc1)c1ccc(N2C[C@H](O)[C@@H](O)C2)c(-c2ccn[nH]2)c1,9.154901504516602,8.934734449386596,0.26468744126394445,0.890625,0.22016705513000545
rf,478,CCOc1ccc(S(=O)(=O)NCCO)cc1-c1nnc2c(n1)c(C)nn2C,4.301030158996582,4.2295916573206584,0.21598994555718318,0.8360655737704918,0.07143850167592358
rf,1344,Cc1ccc(C(=O)Nc2cc(-c3ccnn3C)cc(C(F)(F)F)c2)cc1Nc1cc(-c2cccnc2)ccn1,6.572676181793213,6.6962038018968375,0.600598628664258,0.7894736842105263,0.12352762010362461
rf,1270,Cc1cc(Nc2ncc(C)c(N3CC4CCCC(C3)N4CCC#N)n2)sn1,6.270025730133057,5.907881935951836,0.4722612761612381,0.9298245614035088,0.3621437941812209
rf,1491,Cc1ccc(C(F)(F)F)cc1COc1ccc2cc(-c3nn(C(C)C)c4ncnc(N)c34)ccc2c1,5.969400405883789,6.023045575252533,0.8514303761528776,0.796875,0.053645169368744305
rf,1708,Cc1ccnc(F)c1-c1ccc2nc(NC(=O)[C@@H]3C[C@@H]3F)sc2c1,8.29242992401123,7.577867728624938,0.585516654686092,0.8679245283018868,0.7145621953862928
rf,233,CC(C)n1nc(-c2ccc(NS(C)(=O)=O)cc2)c2c(N)ncnc21,4.958607196807861,5.246259694480032,0.8091812671936024,0.7,0.2876524976721706
rf,2208,O=C(Cc1cccc(OCCCN2CCNCC2)c1)Nc1nc(-c2ccncc2)cs1,6.0,5.49681364881677,1.0020454977742526,0.3287671232876712,0.5031863511832304
rf,365,CCN(CCO)c1ncc(C(=O)Nc2ccc(OC(F)(F)Cl)cc2)cc1-c1ccn[nH]1,8.943028450012207,8.58034576204088,0.21819046905498254,0.8769230769230769,0.3626826879713274
rf,1055,CSc1cccc(C(=O)Nc2ccc(C)c(Nc3nccc(-c4cccnc4)n3)c2)c1,5.958607196807861,6.003655944824218,0.772582645029511,0.7868852459016393,0.04504874801635683
rf,1362,Cc1ccc(C(=O)Nc2cc(-n3cncn3)cc(C(F)(F)F)c2)cc1-n1cc(-c2cnc3[nH]ncc3c2)nn1,7.97469425201416,7.772601811149523,0.6366122595895575,0.8125,0.20209244086463674
rf,1423,Cc1ccc(C(=O)Nc2ccc(CN3CCN(C)CC3)c(C(F)(F)F)c2)cc1C#Cc1cnc2[nH]ccc2n1,8.673664093017578,7.710758264112402,0.5982847789164428,0.7875,0.9629058289051757
rf,879,COc1cc(Nc2nc(NCc3cccc(NC(=O)CCl)c3)n3ccnc3c2C(N)=O)cc(OC)c1,6.0,5.735293505463335,1.1127776524214572,0.3162393162393162,0.2647064945366653
rf,2234,O=C(NCCO)c1cccc(-c2cc(Nc3ccc(OC(F)(F)F)cc3)ncn2)c1,5.864078998565674,6.136841153567501,0.6177628967906859,0.7241379310344828,0.27276215500182754
rf,2492,O=C(Nc1ccc(OC(F)(F)F)cc1)c1cnc(N2C[C@H](CO)[C@@H](O)C2)c(-c2cncc(F)c2)c1,8.688375473022461,8.765874406281338,0.21839462448242813,0.875,0.07749893325887669
rf,2505,O=C(Nc1ccc(OC(F)(F)F)cc1)c1cncc(-c2cccnc2)c1,8.060481071472168,7.447309650875865,0.7271223192296504,0.7708333333333334,0.613171420596303
rf,1831,Cc1ncc(-c2cc(C(=O)Nc3ccc(OC(F)(F)F)cc3)cnc2N2CC(C)(O)C2)cn1,8.09691047668457,8.552293565168616,0.11354194876035291,0.8548387096774194,0.4553830884840462
rf,509,CC[C@H](NC(=O)[C@H](Cc1ccc(OP(=O)(O)O)cc1)NC(C)=O)C(=O)N(C)CCCC1CCCCC1,4.411954402923584,4.928712671794153,0.2725114006028487,0.8260869565217391,0.5167582688705687
rf,1080,C[C@@H](c1cc2cccnc2cc1F)n1cnc2ncc(-c3cnn(C)c3)nc21,4.522878646850586,5.302849437096116,0.8682616142140821,0.4875,0.77997079024553
rf,354,CCCP(=O)(CCC)c1ccc(Nc2nc(C(C)C)nc3c2ncn3/C=C\c2c(C)cccc2C)cc1,7.265200138092041,7.926202507019043,0.6169297496070993,1.0,0.6610023689270017
rf,324,CC1(O)CN(c2ncc(C(=O)Nc3ccc(OC(F)(F)F)cc3)cc2-c2ncc[nH]2)C1,9.698969841003418,8.38338351906977,0.20636733842685762,0.7391304347826086,1.3155863219336474
rf,2003,N#Cc1ccc(C(=O)Nc2cccc(Nc3nccc(-c4cccnc4)n3)c2)cc1,5.886056423187256,6.320025513966878,0.4819484391281722,0.7777777777777778,0.4339690907796223
rf,443,CCNC(=O)c1c(OC)cc(-n2cnc3cc(-c4cnn(CC)c4)ccc32)cc1OC(F)F,6.763462543487549,6.961738206545512,0.5176817081003078,0.7571428571428571,0.19827566305796296
rf,1973,N#CCC(=O)Nc1ccn(-c2ccc(Cl)c(Cl)c2)n1,5.700000286102295,6.566940243205242,1.10745846796826,0.5660377358490566,0.8669399571029475
rf,393,CCN1CCN(c2ccc(Nc3cc(N(C)C(=O)Nc4c(Cl)c(OC)cc(OC)c4Cl)ncn3)cc2)CC1,5.638272285461426,5.923778007673839,0.7620294883585222,0.9393939393939394,0.2855057222124131
rf,270,CC(C)n1nc(-c2cccc(C#N)c2)c2c(N)ncnc21,4.7695512771606445,5.436701993425308,0.5293896331191086,0.7,0.667150716264663
rf,1847,Cc1ncncc1-c1cc(C(=O)Nc2ccc(OC(F)(F)Cl)cc2)ccc1N1C[C@H](O)[C@@H](O)C1,8.853872299194336,9.05356295161777,0.15990259181301322,0.7941176470588235,0.19969065242343476
rf,464,CCOc1ccc(-c2nn(C3CCCC3)c3ncnc(N)c23)cc1O,6.2160964012146,7.154999449253082,0.8247681294014975,0.8181818181818182,0.9389030480384823
rf,2272,O=C(Nc1ccc(OC(F)(F)Cl)cc1)c1cc(-c2cncc(F)c2)c2c(c1)ncn2C1CC1,9.397939682006836,9.431102146845598,0.16397285932399097,0.8484848484848485,0.03316246483876206
rf,544,CCn1c(OC)nc2cc(C(=O)Nc3ccc(OC(F)(F)Cl)cc3)cc(-c3ccn[nH]3)c21,9.356547355651855,9.405055704752606,0.11504269071644091,0.8,0.04850834910075008
rf,572,CN(C)C1CCN(CCn2nc(-c3ccc(CC(=O)OC(C)(C)C)cc3)c3c(N)ncnc32)CC1,6.0,5.609009713675186,0.5944465468838275,0.7910447761194029,0.39099028632481403
rf,291,CC(C)n1nc(C#Cc2cccc(N)c2)c2c(N)ncnc21,6.338270664215088,5.626756698635401,0.6476510244112803,0.7959183673469388,0.7115139655796865
rf,2511,O=C(Nc1ccc(Oc2ncnc3scc(-c4ccccc4)c23)c(F)c1)c1cccn(-c2ccc(F)cc2)c1=O,5.0,6.707356778956114,1.2868384937457116,0.38636363636363635,1.7073567789561137
rf,2093,Nc1ccc(-c2ccc3nc(NC(=O)C4CC4)sc3c2)cn1,8.130767822265625,8.117114157440643,0.5313030482768052,0.6792452830188679,0.013653664824982314
rf,2220,O=C(NC1=NN(c2ccc(Cl)c(Cl)c2)CC1)c1cncnc1,6.449997425079346,6.708525516457027,0.3864094232991464,0.7708333333333334,0.2585280913776815
rf,2671,c1ccc(-c2cnc3c(Nc4ccc(N5CCCCC5)cc4)nccc3n2)cc1,5.575118541717529,5.1673043387401,0.5127384367384512,0.8235294117647058,0.40781420297742965
rf,471,CCOc1ccc(S(=O)(=O)N2CCN(C)CC2)cc1-c1nnc2c(n1)c(C)nn2C,4.301030158996582,4.318193200747172,0.118760748182019,0.8793103448275862,0.01716304175058969
rf,2543,O=C(Nc1cn2cc(-c3cc[nH]n3)ccc2n1)[C@@H]1C[C@@H]1F,6.259637355804443,7.753929404719318,0.6365153637371913,0.6229508196721312,1.4942920489148745
rf,611,CN(CCO)c1cc(-c2ccc3c(c2)C(=O)Nc2cc(OC(F)(F)F)ccc2O3)ccn1,6.978810787200928,5.767509759220215,0.6930193437811495,0.7391304347826086,1.2113010279807126
rf,986,COc1cccc(Nc2cncc3ncc(-c4ccc(N5CCCCC5)cc4)nc23)c1,5.112945556640625,5.206159096585129,0.52426917750028,0.7966101694915254,0.09321353994450376
rf,1926,Cn1c(=O)c(S(=O)(=O)c2ccc(F)cc2F)cc2cnc(Nc3ccc4[nH]ccc4c3)nc21,5.0,5.8061165594150745,1.0741369708933421,0.6428571428571429,0.8061165594150745
rf,945,COc1ccc(C(=O)Nc2ccc(OC(F)(F)F)cc2)cc1-c1ccncc1,8.060481071472168,7.967085624597301,0.45410470703200534,0.7924528301886793,0.093395446874867
rf,188,CC(C)n1c([C@H](C)O)nc2cc(C(=O)Nc3ccc(OC(F)(F)Cl)cc3)cc(-c3ccn[nH]3)c21,9.318758964538574,9.09801900715298,0.20655514250930582,1.0,0.22073995738559482
rf,1514,Cc1ccc(NC(=O)Nc2cccc(Cl)c2)cc1Nc1nccc(-c2cccnc2)n1,6.756961822509766,6.046396632624997,0.7253609622014412,0.8392857142857143,0.7105651898847682
rf,651,CN1CCC(O)(c2cn(-c3ccnc(NC4CCCC4)n3)c(-c3cccc(C(F)(F)F)c3)n2)CC1,5.0,5.560265901242645,0.9978106703545695,0.4069767441860465,0.5602659012426452
rf,1677,Cc1cccc(F)c1-c1ccc2nc(NC(=O)[C@@H]3C[C@@H]3F)c(C)n2c1,7.259637355804443,7.098133370504705,0.665891054363164,0.8392857142857143,0.16150398529973842
rf,1221,Cc1cc(-c2cncc(-c3ccnc(Nc4cc(NC(=O)c5ccc(CN6CCNCC6)cc5)ccc4C)n3)c2)on1,7.07572078704834,6.923376725233264,0.6818428942003346,0.7804878048780488,0.15234406181507598
rf,1173,Cc1c(-c2ccc3nc(NC(=O)[C@@H]4C[C@@H]4F)sc3c2)ccc2cn[nH]c12,8.42021656036377,7.628527397505086,0.7989189600827086,0.7142857142857143,0.7916891628586837
rf,649,CN1CCC(Nc2ccc(C(=O)Nc3cc(-c4cc(C#N)cs4)n[nH]3)cc2)CC1,6.015571594238281,6.03776719908571,1.3381359859887885,0.31958762886597936,0.022195604847428996
rf,2007,N#Cc1ccc2c(c1)NC(=O)c1cc(-c3ccnc(N4CCOCC4)c3)ccc1O2,6.2790141105651855,5.794665330196133,0.7897406415464554,0.7096774193548387,0.4843487803690527
rf,617,CN(CCO)c1ncc(C(=O)Nc2ccc(OC(F)(F)Cl)cc2)cc1-c1cncnc1,8.897939682006836,8.781572484970093,0.2711465275984064,0.8688524590163934,0.11636719703674281
rf,32,C=CC(=O)NCc1coc(-c2c(N)ncnc2Nc2ccc(OCc3ccccn3)c(Cl)c2)n1,5.522878646850586,5.844161277455383,1.1248700799927678,0.41304347826086957,0.3212826306047969
rf,2044,NC12CC1CN(c1ncc(C(=O)Nc3ccc(OC(F)(F)F)cc3)cc1-c1cncnc1)C2,8.721246719360352,8.574338096708969,0.1445451359546024,0.8823529411764706,0.14690862265138271
rf,1642,Cc1cccc(-c2ccc3nc(NC(=O)[C@@H]4C[C@@H]4F)cn3c2)c1C,8.0,7.981913507245987,0.14359669492159607,0.8333333333333334,0.018086492754012973
rf,450,CCOC(=O)Cn1c(COC)nc2c(c(C)nn2-c2ccccc2)c1=O,4.903090000152588,4.244138662020365,0.35835731403933924,0.8,0.6589513381322227
rf,1553,Cc1ccc(NC(=O)c2ccc(CN3CCN(C)CC3)cc2)cc1Nc1nccc(-c2cncc(-c3cnsc3)c2)n1,7.017728805541992,6.767694585091065,0.7669914367670516,0.8125,0.25003422045092716
rf,196,CC(C)n1cnc2cc(C(=O)Nc3ccc(OC(F)(F)Cl)cc3)cc(-c3cncc(F)c3)c21,9.29242992401123,9.378147297435337,0.1676828402421469,0.8461538461538461,0.08571737342410657
rf,1754,Cc1cn(-c2cc(NC(=O)c3ccc(C)c(/C=C/n4cnc5cncnc54)c3)cc(C(F)(F)F)c2)cn1,7.318758964538574,7.30431135384535,0.7190387668119194,0.7662337662337663,0.014447610693224533
rf,1432,Cc1ccc(C(=O)Nc2ccc(CN3CCN(C)CC3)c(C(F)(F)F)c2)cc1C#Cc1cnc2cccnn12,9.1182861328125,7.600589324978849,0.3612127274212514,0.9459459459459459,1.5176968078336506
rf,521,CCc1ccc(C(=O)Nc2cc(CN3CCN(C)CC3)cc(C(F)(F)F)c2)cc1C#Cc1cnc(C)n1C,7.011441230773926,6.905180174118835,0.9727323498838614,0.7837837837837838,0.10626105665509122
rf,979,COc1cccc(NC(=O)C2=NN=C(c3cncc(-c4ccnc(Nc5cc(NC(=O)c6ccc(CN7CCN(C)CC7)cc6)ccc5C)n4)c3)C2)c1,7.0,6.909742224993529,0.3143440042688637,0.8977272727272727,0.09025777500647081
rf,2591,O=C(c1ccc(F)c(F)c1Nc1ccc(I)cc1F)N1CC(O)([C@@H]2CCCCN2)C1,5.0,5.1630775863192175,0.7251419725359091,0.3253012048192771,0.16307758631921754
rf,93,CC(=O)Nc1nc(-c2ccc(F)c(Cl)c2)cs1,4.999999523162842,5.895223418629604,0.8726711952856565,0.813953488372093,0.8952238954667626
rf,2170,Nc1ncnc2c1c(-c1cccc(O)c1)cn2[C@H]1C[C@@H](CN2CCC2)C1,5.193819999694824,6.720230084737143,1.094354286346583,0.7384615384615385,1.5264100850423183
rf,1494,Cc1ccc(CCCCN2C(=O)N[C@H](Cc3c[nH]c4c(Cl)cccc34)C2=O)cc1C#Cc1cnc2cccnn12,6.0,6.110613703182316,1.2795869154102837,0.39603960396039606,0.11061370318231578
rf,2228,O=C(NCCCN1CCCC1=O)c1cnc(NCc2ccc(Cl)cc2Cl)nc1NC1CCCC1,5.0,5.015244831983608,0.2652924500784887,0.8873239436619719,0.015244831983608265
rf,1461,Cc1ccc(C(=O)Nc2ccc(CN3CCN(CCO)CC3)c(C(F)(F)F)c2)cc1C#Cc1cnc2cccnn12,7.633802890777588,7.757348826098869,0.6010651723900116,0.8717948717948718,0.12354593532128089
rf,1360,Cc1ccc(C(=O)Nc2cc(-n3cnc(CN4CCCC4)c3)cc(C(F)(F)F)c2)cc1C#Cc1cnc2ccccn12,7.1589274406433105,7.06856686953521,0.5476837657061517,0.7176470588235294,0.0903605711081008
rf,495,CCOc1ncc(C(=O)Nc2ccc(OC(F)(F)F)cc2)cc1-c1cncnc1,7.668337821960449,8.36934448941346,0.330455582355891,0.8181818181818182,0.7010066674530115
rf,1114,C[C@@H]1COCc2nc3cc(C(=O)Nc4ccc(OC(F)(F)Cl)cc4)cc(-c4cnsc4)c3n21,9.455931663513184,9.289869298934937,0.22157569855038423,0.8157894736842105,0.16606236457824686
rf,1468,Cc1ccc(C(=O)Nc2ccc(CN3CCOCC3)c(C(F)(F)F)c2)cc1C#Cc1cnc2ccccn12,6.64156436920166,7.436585643817298,0.42540021297143366,0.8571428571428571,0.795021274615638
rf,1255,Cc1cc(Nc2cc(N3CCN(C)CC3)nc(/C=C/c3ccccc3)n2)n[nH]1,6.810846328735352,5.497514723367892,0.8794027170139669,0.47297297297297297,1.31333160536746
rf,900,COc1ccc(-c2cc(C(=O)Nc3ccc(OC(F)(F)F)cc3)cnc2N2CC[C@@H](CN)C2)cn1,8.522878646850586,8.514433541533007,0.19430911197427905,0.8450704225352113,0.008445105317578694
rf,1584,Cc1ccc(NC(=O)c2ccc(N)cc2)cc1Nc1nccc(-c2cccnc2)n1,5.0,5.614504788769617,0.8538760342080982,0.8596491228070176,0.6145047887696169
rf,2430,O=C(Nc1ccc(OC(F)(F)F)cc1)c1cnc(N2CCC3(CCNC3=O)C2)c(-c2cncnc2)c1,8.522878646850586,8.684574789926273,0.4331751363079488,0.7534246575342466,0.16169614307568736
rf,856,COc1cc(-c2nn(CCN3CCC(N(C)C)CC3)c3ncnc(N)c23)ccc1Cc1ncc(C)o1,6.0,5.918877413911616,0.7803557676955752,0.6746987951807228,0.08112258608838374
rf,457,CCOCc1nc2c(c(C)nn2-c2ccccc2)c(=O)n1CC(=O)OCC,4.602059841156006,4.311120225588481,0.36272887932990344,0.8,0.2909396155675248
rf,221,CC(C)n1nc(-c2ccc(Br)c(O)c2)c2c(N)ncnc21,8.338890075683594,7.02010314716809,0.5415585204198445,0.7872340425531915,1.3187869285155038
rf,679,CN1CCN(Cc2ccc(NC(=O)Nc3cc(C#Cc4cncc5nccn45)n(C)n3)cc2C(F)(F)F)CC1,8.795880317687988,8.448658153103905,1.148165991421521,0.7215189873417721,0.3472221645840836
rf,175,CC(C)c1cccc(-c2nn(C(C)C)c3ncnc(N)c23)c1,6.698969841003418,5.84598050466164,0.6331070021769167,0.7446808510638298,0.8529893363417775
rf,912,COc1ccc(-c2cnc3cncc(Nc4cc(OC)ccc4OC)c3n2)cc1,5.863279342651367,5.22393301051473,0.9371436039770538,0.5833333333333334,0.639346332136637
rf,1902,Clc1ccc(Nc2nnc(Cc3ccncc3)c3ccccc23)cc1.O=C(O)CCC(=O)O,5.0,5.491854663137636,1.2150939364320685,0.2727272727272727,0.49185466313763637
rf,2242,O=C(Nc1c[nH]nc1-c1nc2ccc(CN3CCOCC3)cc2[nH]1)NC1CC1,8.397939682006836,5.957762644476924,1.247928641293694,0.3132530120481928,2.440177037529912
rf,1988,N#Cc1c(F)cccc1-c1ccc2nc(NC(=O)[C@@H]3C[C@@H]3F)cn2c1,7.629818439483643,6.9181723118881955,1.2586496994563257,0.7719298245614035,0.7116461275954471
rf,439,CCNC(=O)c1c(OC)cc(-n2cnc3cc(-c4cnn(C5CCOCC5)c4)ccc32)cc1OC,6.508638381958008,6.774846604665121,0.5310084297601526,0.7391304347826086,0.266208222707113
rf,436,CCNC(=O)Nc1nccc2nc(-c3ccccc3)cnc12,4.511026382446289,5.254211516689073,1.3653907813295962,0.6206896551724138,0.7431851342427835
rf,834,CO[C@H]1CN(c2ncc(C(=O)Nc3ccc(OC(F)(F)F)cc3)cc2-c2cncc(F)c2)C[C@@H]1N,8.734260559082031,8.550997005864087,0.21037983038326086,0.8857142857142857,0.18326355321794452
rf,1942,Cn1cc(-c2cnc3ccc(NC(=O)NCCc4ccccc4)nc3c2)cn1,4.0,4.456486978530884,1.018741187331464,0.8245614035087719,0.4564869785308838
rf,1868,Cc1nn(C)c2nnc(Nc3ccc(S(=O)(=O)N4CCCCC4)cc3)nc12,4.602059841156006,4.4555870706156675,0.31004112712313453,0.9782608695652174,0.14647277054033836
rf,2196,O=C(CCc1cn(Cc2ccc(Cl)cc2)c2ccccc12)Nc1ccncc1,4.0,5.003427471187943,1.187824162904356,0.7241379310344828,1.0034274711879432
rf,916,COc1ccc(-c2nn(C(C)(C)C)c3ncnc(N)c23)cc1C,5.531209945678711,5.519026884263913,0.5903790420155888,0.8297872340425532,0.012183061414797969
rf,1561,Cc1ccc(NC(=O)c2ccc(CN3CCN(C)CC3)cc2)cc1Nc1nccc(-c2cncc(C3=NN=C(C(=O)Nc4[nH]ncc4C)C3)c2)n1,7.392544746398926,6.896632629321572,0.794939206800012,0.8651685393258427,0.4959121170773537
rf,70,CC(=O)N[C@@H](Cc1ccc(C(F)(F)P(=O)(O)O)cc1)C(=O)N[C@@H](CCC(=O)O)C(=O)N[C@@H](CCC1CCCCC1)C(N)=O,5.887345314025879,5.529738322435381,0.2863697861433899,0.7536231884057971,0.35760699159049825
rf,239,CC(C)n1nc(-c2ccc3[nH]ccc3c2)c2c(N)ncnc21,6.530178070068359,6.090839311856047,0.893040783272486,0.7222222222222222,0.4393387582123127
rf,1457,Cc1ccc(C(=O)Nc2ccc(CN3CCN(CC(=O)O)CC3)c(C(F)(F)F)c2)cc1C#Cc1cnc(C(N)=O)n1C,7.670612812042236,7.728520528138574,0.5242759125475484,0.8783783783783784,0.057907716096337936
rf,44,C=CCNC(=O)Nc1cncc2nc(-c3ccccc3)cnc12,4.0,4.911132777531941,1.0806091133870093,0.6206896551724138,0.9111327775319413
rf,56,CC(=O)NC1=NN(c2ccc(Cl)c(Cl)c2)CC1,6.4499969482421875,6.174142633493068,0.34887026434825225,0.7446808510638298,0.2758543147491199
rf,911,COc1ccc(-c2cnc3ccc(NC(=O)NC(C)(C)C)nc3c2)cc1OC,4.0,4.428687891960144,0.7871635699909544,0.8461538461538461,0.428687891960144
rf,1436,Cc1ccc(C(=O)Nc2ccc(CN3CCN(C)CC3)c(C(F)(F)F)c2)cc1C#Cc1cnc[nH]1,5.714903831481934,7.622227772902238,0.5491093579229412,0.7671232876712328,1.9073239414203043
rf,2206,O=C(COc1cc(O)c2c(=O)cc(-c3ccccc3)oc2c1)Nc1ncccc1F,5.6547160148620605,5.787173072532635,0.8115365809527176,0.6666666666666666,0.13245705767057459
rf,2616,O=C1Nc2cc(OC(F)(F)F)ccc2Oc2ccc(-c3cccc(N4CC[C@@H](O)C4)n3)cc21,6.9281182289123535,6.330639427417588,0.5507644541251887,1.0,0.5974788014947654
rf,73,CC(=O)N[C@@H](Cc1ccc(OP(=O)(O)O)cc1)C(=O)N[C@H](C(=O)N[C@@H](C)C(=O)NCCc1ccccc1)C(C)C,4.142667293548584,4.492507466840157,0.34041892398679396,1.0,0.3498401732915726
rf,321,CC1(O)CN(c2ncc(C(=O)Nc3ccc(OC(F)(F)F)cc3)cc2-c2cnc(Cl)c(F)c2)C1,8.0,8.542897704124451,0.3763301683839249,0.8333333333333334,0.5428977041244512
rf,1993,N#Cc1c(SCc2ccccc2)nc2c(c1-c1cccs1)CCCC2,4.142667293548584,4.442888518946169,0.7805951718226105,0.8490566037735849,0.30022122539758467
rf,1709,Cc1ccnc(NC(=O)COc2cc(O)c3c(=O)cc(-c4ccccc4)oc3c2)c1,6.389423370361328,5.809803253173829,0.5494279079902478,0.8032786885245902,0.5796201171874991
rf,2678,c1ccc(-c2csc(Nc3ncnc4cc5c(cc34)OCCO5)n2)cc1,5.0,5.44360464499595,1.0756919908735458,0.6111111111111112,0.44360464499594965
rf,2279,O=C(Nc1ccc(OC(F)(F)Cl)cc1)c1cc(-c2cncnc2)c2c(c1)nc1n2[C@H](CO)CCO1,9.251811981201172,9.338916883221378,0.12734766078064863,0.875,0.08710490202020615
rf,1507,Cc1ccc(NC(=O)CCCCN2CCN(C)CC2)cc1Nc1nccc(-c2cccnc2)n1,6.0,6.086964363783195,0.3979678536100272,0.984375,0.08696436378319472
rf,1125,C[C@@H]1CSc2nc3cc(C(=O)Nc4ccc(OC(F)(F)Cl)cc4)cc(-c4ccn[nH]4)c3n21,9.251811981201172,9.38527060227924,0.11603166088773599,0.863013698630137,0.13345862107806816
rf,907,COc1ccc(-c2ccnc(Nc3cc(C(=O)Nc4cc(-n5cnc(C)c5)cc(C(F)(F)F)c4)ccc3C)c2)cn1,6.0,6.684532389829717,0.58911855975803,0.7848101265822784,0.6845323898297169
rf,1490,Cc1ccc(C(C)(C)O)cc1-c1ccc2nc(NC(=O)[C@@H]3C[C@@H]3F)sc2c1,6.935542106628418,7.543140784178063,1.2140659699375163,0.7586206896551724,0.6075986775496451
rf,670,CN1CCN(Cc2ccc(C(=O)Nc3ccc(CC(=O)Nc4ccc(NC(=O)C5CC5)nc4)cc3)cc2C(F)(F)F)CC1,7.8283843994140625,6.865680798057235,1.0957444017805145,0.6,0.9627036013568278
rf,124,CC(C)(C)c1cc(NC(=O)Nc2ccc(Nc3ncnc4ccccc34)cc2)n(-c2cccc(N)c2)n1,7.159379482269287,6.9712163875874555,0.514502579269852,0.8888888888888888,0.18816309468183157
rf,2696,c1nc(N2CCC3(CCCCN3)CC2)c2nc[nH]c2n1,3.8996293544769287,5.228091220512055,0.45533780371394694,0.6041666666666666,1.3284618660351262
rf,2574,O=C(Nc1nc2ccc(-c3cnc4c(c3)CCN4)cc2s1)C1CC1,7.677780628204346,8.064792403642208,0.5556996763979151,0.711864406779661,0.3870117754378626
rf,765,CNc1ncc2cc(-c3cc(NC(=O)NCCC(C)(C)C)c(F)cc3C)c(C)nc2n1,6.4202165603637695,6.435042885312851,1.2452994015582306,0.2558139534883721,0.014826324949081204
rf,2636,O=C1Nc2cc(OCC(F)(F)F)ccc2Oc2ccc(-c3ccnc(N4CCOCC4)c3)cc21,6.628931999206543,5.951558630305064,0.8187079274724589,0.84375,0.6773733689014794
rf,1097,C[C@@H]1CCc2nc3cc(C(=O)Nc4ccc(OC(F)(F)Cl)cc4)cc(-c4ccn[nH]4)c3n21,9.013228416442871,9.427682971265583,0.0894293226432061,0.7972972972972973,0.41445455482271143
rf,1429,Cc1ccc(C(=O)Nc2ccc(CN3CCN(C)CC3)c(C(F)(F)F)c2)cc1C#Cc1cnc2c(c1)OCC(=O)N2,7.163766384124756,7.98725125565206,0.9401058821570196,0.7469879518072289,0.8234848715273042
rf,2030,NC(=O)C1CCN(c2ncc(C(=O)Nc3ccc(OC(F)(F)F)cc3)cc2-c2cncnc2)CC1,7.886056423187256,8.579434654557067,0.19963086259423596,0.828125,0.6933782313698114
rf,141,CC(C)(C)n1ncc2c(N)ncnc21,5.0,5.214780527198316,0.8693261875472073,0.4318181818181818,0.2147805271983163
rf,1269,Cc1cc(Nc2ncc(C)c(N3CC4CCCC(C3)N4CC#N)n2)sn1,5.69293212890625,5.891846914089939,0.5301721964363357,0.9272727272727272,0.198914785183689
rf,1189,Cc1c(F)cccc1-c1ccc2nc(NC(=O)[C@@H]3C[C@@H]3F)c(F)n2c1,8.0,7.294880927202439,0.60748627995117,0.8245614035087719,0.7051190727975607
rf,2108,Nc1ccccc1NC(=O)c1ccc(-c2ccc3ncnc(Nc4ccc(OCc5cccc(F)c5)c(Cl)c4)c3c2)s1,5.221848964691162,5.276171278953552,0.4194828136918009,0.8076923076923077,0.054322314262390314
rf,2342,O=C(Nc1ccc(OC(F)(F)Cl)cc1)c1cnc(N2CC[C@@H](O)C2)c(-c2cc[nH]n2)c1,8.548455238342285,9.018202130976176,0.2495634426454103,0.7605633802816901,0.469746892633891
rf,874,COc1cc(Nc2c(C#N)cnc3cc(-c4coc(CN5CCN(C)CC5)c4)ccc23)c(Cl)cc1Cl,9.366531372070312,7.920871268612118,1.5622878976284726,0.8133333333333334,1.4456601034581942
rf,1949,Cn1ccc2cc(-c3nn(CC4CCNCC4)c4ncnc(N)c34)ccc21,5.0,5.194659519898022,0.482805297039885,0.703125,0.1946595198980221
rf,1779,Cc1cnccc1-c1ccc2nc(NC(=O)[C@@H]3C[C@@H]3F)sc2c1,8.254924774169922,7.37992485966087,0.9362131222187691,0.8518518518518519,0.8749999145090515
rf,1316,Cc1ccc(-c2ccc3nc(NC(=O)[C@@H]4C[C@@H]4F)sc3c2)c2cn[nH]c12,7.829738140106201,8.263686120327018,0.6590130470100694,0.6935483870967742,0.4339479802208164
rf,194,CC(C)n1cnc2cc(C(=O)Nc3ccc(OC(F)(F)Cl)cc3)cc(-c3ccn[nH]3)c21,9.28399658203125,9.399907358911301,0.138581479139279,0.8656716417910447,0.11591077688005136
rf,1791,Cc1nc(NC(=O)CN2CCN(C)CC2)sc1-c1ccc2c(/C=C/c3ccccn3)n[nH]c2c1,7.077793598175049,6.420857924991183,1.3251553374067522,0.4166666666666667,0.6569356731838658
rf,460,CCOc1cc(-c2nn(CCO)c3ncnc(N)c23)ccc1OC,4.187086582183838,5.17410537112693,0.46542807888125,0.6964285714285714,0.9870187889430921
rf,2608,O=C1Nc2cc(OC(F)(F)F)ccc2Nc2ccc(-c3cn[nH]c3)cc21,4.804211139678955,5.785416685752016,0.6077097922316957,0.6140350877192983,0.9812055460730607
rf,2287,O=C(Nc1ccc(OC(F)(F)Cl)cc1)c1cc(-c2cncnc2)c2c(c1)ncn2C1CCCC1,9.29242992401123,9.413674087420516,0.1242862210366029,0.9682539682539683,0.12124416340928512
rf,535,CCc1cccc(Nc2ncc3cc(-c4c(Cl)cccc4Cl)c(=O)n(C)c3n2)c1,7.6575775146484375,8.072699438730876,0.3770574396786639,0.8392857142857143,0.4151219240824382
rf,2152,Nc1ncnc2c1c(-c1ccc(F)c(O)c1)nn2Cc1ocnc1-c1ccccc1,6.247951507568359,6.371577660322189,0.6997486314435618,0.6323529411764706,0.12362615275382982
rf,1381,Cc1ccc(C(=O)Nc2ccc(-c3cnn(C)c3)c(C(F)(F)F)c2)cc1Nc1cc(-c2cccnc2)ccn1,6.0,6.805538372450728,0.8832789535536459,0.7564102564102564,0.8055383724507283
rf,1113,C[C@@H]1COCc2nc3cc(C(=O)Nc4ccc(OC(F)(F)Cl)cc4)cc(-c4cnoc4)c3n21,9.28399658203125,9.123290611902872,0.21077487978473017,0.8133333333333334,0.16070597012837773
rf,63,CC(=O)NC1CCN(c2ncc(C(=O)Nc3ccc(OC(F)(F)F)cc3)cc2-c2cncnc2)C1,8.522878646850586,8.523941014037659,0.05484183842304529,0.9117647058823529,0.0010623671870728657
rf,810,COCCN1CCN(CCO/N=C2C(=C3/C(=O)Nc4cc(Br)ccc43)/Nc3ccccc3/2)CC1,5.664876937866211,5.661277185275556,0.6324836955215516,0.9827586206896551,0.0035997525906550365
rf,1976,N#CCC(=O)Nc1nc(-c2ccc(Cl)c(Cl)c2)c[nH]1,5.999999523162842,5.962036999292734,0.48743310644140153,0.6274509803921569,0.03796252387010757
rf,1225,Cc1cc(Br)c(CNc2ncc(C(=O)NCCCN3CCOC3=O)c(NC3CCCC3)n2)cc1Br,5.0,5.081691963373173,0.42198433823310244,0.9859154929577465,0.08169196337317342
rf,2382,O=C(Nc1ccc(OC(F)(F)F)cc1)c1ccc(F)c(-c2cncnc2)c1,8.494850158691406,7.949753333859975,0.39438341199829796,0.8,0.5450968248314316
rf,1237,Cc1cc(CO)ncc1-c1ccc2sc(NC(=O)[C@@H]3C[C@@H]3F)nc2c1,5.698969841003418,5.684084061853541,0.50610471385311,0.8620689655172413,0.014885779149876655
rf,1878,Cc1nn(C)c2nnc(Nc3ccc(S(N)(=O)=O)cc3)nc12,4.481485843658447,4.552909533015469,0.5553288454910889,0.7058823529411765,0.07142368935702148
rf,1325,Cc1ccc(-c2nn(C)c3ncnc(N)c23)cc1O,6.632644176483154,6.753225058647611,0.6457590927370854,0.7555555555555555,0.1205808821644565
rf,2368,O=C(Nc1ccc(OC(F)(F)F)c(F)c1)c1cccc(-c2cncnc2)c1,7.6575775146484375,7.617378782568879,1.0593145719642179,0.7307692307692307,0.04019873207955893
rf,2442,O=C(Nc1ccc(OC(F)(F)F)cc1)c1cnc(N2CCC[C@@H](O)C2)c(-c2cncnc2)c1,8.740742683410645,8.645968768496404,0.19335727233087813,1.0,0.09477391491424036
rf,1732,Cc1ccncc1-c1ccc2nc(NC(=O)[C@@H]3C[C@H]3F)sc2c1,7.625251770019531,6.698727419431335,1.1040746986827399,1.0,0.9265243505881964
rf,296,CC(C)n1nc(C#Cc2cccc3cc(-c4cccc(C(F)(F)F)c4)ncc23)c2c(N)ncnc21,8.522878646850586,7.904445198056263,0.756766350164357,0.7887323943661971,0.618433448794323
rf,422,CCNC(=O)Nc1nc2ccc(-c3ccccc3OCC)cc2[nH]1,8.638272285461426,7.313841953204628,0.768274293163348,0.8301886792452831,1.3244303322567976
rf,2128,Nc1ncc(-c2cncc(C(=O)Nc3ccc(OC(F)(F)F)cc3)c2)cn1,7.978810787200928,7.653105465433887,0.5816180511520427,0.7916666666666666,0.3257053217670407
rf,1261,Cc1cc(Nc2ncc(C)c(N3CC(CC#N)(N4CCCCC4)C3)n2)sn1,5.074069499969482,5.29740482175018,0.8244690395661237,0.85,0.2233353217806977
rf,1064,C[C@@H](CC#N)n1cnc2cc(C(=O)Nc3ccc(OC(F)(F)Cl)cc3)cc(-c3cncnc3)c21,9.214670181274414,9.339743114120912,0.042402847198218255,1.0,0.12507293284649812
rf,1084,C[C@@H]1CCN(C(=O)CC#N)C[C@@H]1n1ccc2cnc3[nH]cc(C#N)c3c21,6.0,6.465353413371678,1.1951930884904054,0.7313432835820896,0.4653534133716777
rf,29,C=CC(=O)N1CCC[C@H]1C(=O)Nc1cc2c(Nc3ccc(F)c(Cl)c3F)ncnc2cc1OCCOC,7.0,5.817739419280854,1.02691667605544,0.3939393939393939,1.182260580719146
rf,1602,Cc1ccc(NC(=O)c2cccc(C(F)(F)F)c2)cc1/C=C/n1cnc2c(Nc3ccccn3)ncnc21,3.614393711090088,4.58095073223114,0.3074384748771917,0.8533333333333334,0.9665570211410524
rf,2494,O=C(Nc1ccc(OC(F)(F)F)cc1)c1cnc(N2C[C@H](O)[C@@H](F)C2)c(-c2ccn[nH]2)c1,8.431797981262207,8.547239042726648,0.21469688939941847,0.8805970149253731,0.11544106146444122
rf,829,CO[C@H](C(=O)N1Cc2[nH]nc(NC(=O)c3ccc(N4CCN(C)CC4)cc3)c2C1)c1ccccc1,7.602059841156006,7.301356747150421,1.2709489616864682,1.0,0.30070309400558504
rf,2436,O=C(Nc1ccc(OC(F)(F)F)cc1)c1cnc(N2CCCC2)c(-c2ccc(CO)nc2)c1,8.911953926086426,8.606257528799794,0.1708830958500872,0.8571428571428571,0.30569639728663134
rf,1990,N#Cc1c(N)nc(SCC(=O)c2ccccc2)c(C#N)c1-c1ccsc1,6.537601947784424,4.347499113620429,0.6805062127913387,0.6833333333333333,2.190102834163995
rf,581,CN(C)CC(CSCCN)C(=O)c1ccc(OCc2ccccc2)cc1.Cl,4.301030158996582,4.09492249298365,0.31512721000421834,0.7222222222222222,0.20610766601293218
rf,809,COCC(=O)NC/C=C/c1ccc2ncnc(Nc3ccc(Oc4ccc(C)nc4)c(C)c3)c2c1,5.0,5.402556206491638,1.0571977122448226,0.3434343434343434,0.4025562064916377
rf,170,CC(C)c1cc(CNc2nc(Nc3cc(C4CC4)[nH]n3)cc(N3CCN(C)CC3)n2)on1,8.0774507522583,5.963723232318971,1.3668248940781353,0.34831460674157305,2.1137275199393297
rf,790,COC(=O)c1cc2cc(NCc3c(Cl)cccc3Cl)cnc2[nH]1,8.275724411010742,6.696378511340462,0.8167348496185552,0.6792452830188679,1.5793458996702805
rf,43,C=CC(=O)Nc1cccc(CNc2nc(Nc3cnn(CCN4CCN(C(=O)CC5C6CC7CC(C6)CC5C7)CC4)c3)ncc2Cl)c1,5.704873085021973,6.7608836258252465,1.5036549490383146,0.797752808988764,1.0560105408032738
rf,87,CC(=O)Nc1nc(-c2cc(Cl)c(Cl)s2)cs1,4.599999904632568,5.490398777044057,0.6029540319319865,0.6136363636363636,0.8903988724114891
rf,1700,Cc1ccn(-c2cc(NC(=O)c3ccc(C)c(C#Cc4cnc5cccnn45)c3)cc(C(F)(F)F)c2)c1,6.471677303314209,7.031492841541288,0.3559891154747501,0.8157894736842105,0.5598155382270793
rf,2384,O=C(Nc1ccc(OC(F)(F)F)cc1)c1ccc(N2CC[C@@H](O)C2)c(-c2cccnc2)c1,8.545757293701172,8.578346516093653,0.2077796820746761,0.84375,0.032589222392481076
rf,2477,O=C(Nc1ccc(OC(F)(F)F)cc1)c1cnc(N2CC[C@@H](O)C2)c(-c2cncs2)c1,8.788376808166504,8.556398206616825,0.154336337528459,0.7941176470588235,0.2319786015496792
rf,2529,O=C(Nc1ccc([S+]([O-])C(F)(F)F)cc1)c1cnc(N2CC[C@@H](O)C2)c(-c2cncc(F)c2)c1,7.823908805847168,8.739920181662708,0.12487159585945862,0.7536231884057971,0.9160113758155397
rf,498,CC[C@@H]1CN(c2cncnc2)Cc2cc(C(=O)Nc3cc(CN4CCN(C)CC4)cc(C(F)(F)F)c3)ccc21,5.0,5.086843588256836,0.3910830225413853,0.8157894736842105,0.08684358825683614
rf,332,CCC(NC(=O)c1ccc(C2CC2)c(-c2ccc3nc(Nc4cnn(C5CC5)c4)ncc3c2)c1)c1cccc(C(F)(F)F)c1,6.0,7.1259143110582714,1.0962743737238942,0.8470588235294118,1.1259143110582714
rf,2564,O=C(Nc1nc(-c2ccc(Cl)c(Cl)c2)cs1)C1CC1,6.699997901916504,5.988121572488573,0.6621957186904124,0.7045454545454546,0.7118763294279313
rf,430,CCNC(=O)Nc1nc2ccc(-c3ccnn3CC)cc2[nH]1,6.765736103057861,6.437028848367267,1.21521023769621,0.6666666666666666,0.3287072546905945
rf,1281,Cc1cc2nc[nH]c2cc1-c1ccc2nc(NC(=O)[C@@H]3C[C@@H]3F)cn2c1,8.0,7.855156357995276,0.3531689521474721,0.75,0.14484364200472388
rf,949,COc1ccc(CNc2cc(C(=O)Nc3ccc(OC(F)(F)Cl)cc3)cc3ncn(C(C)C)c23)cc1,9.142667770385742,8.232064299583435,1.44015204214237,0.6857142857142857,0.9106034708023074
rf,2630,O=C1Nc2cc(OC(F)(F)F)ccc2Oc2ccc(B(O)O)cc21,4.82921028137207,5.240833420564629,0.49988297595204156,0.7884615384615384,0.41162313919255844
rf,719,CNC(=O)Nc1ccc2c(c1)CC[C@@]21OC(=O)N(CC(=O)N(Cc2ccc(F)cc2)[C@@H](C)C(F)(F)F)C1=O,5.0,5.72030885219574,1.175378054404483,0.22857142857142856,0.7203088521957399
rf,149,CC(C)(O)Cn1cnc2cc(C(=O)Nc3ccc(OC(F)(F)Cl)cc3)cc(-c3cncnc3)c21,8.917214393615723,9.31410964718611,0.03993698375518745,0.7857142857142857,0.3968952535703867
rf,507,CC[C@H](CO)Nc1nc(NCc2ccccc2)c2ncn(C(C)C)c2n1,4.0,5.6886019085877635,1.4132318732243037,0.28,1.6886019085877635
rf,931,COc1ccc(-c2nnc3n(-c4ccccc4)c(=O)c4cnn(-c5ccccc5)c4n23)cc1,4.710108280181885,4.448771441777547,0.5820445348052204,0.7959183673469388,0.26133683840433797
rf,134,CC(C)(C)c1nc(-c2cnc3ccccc3c2)c2c(N)nccn12,5.197226047515869,5.76557667099209,0.8561703205650207,0.7346938775510204,0.5683506234762206
rf,1151,C[C@H](CO)n1cnc2cc(C(=O)Nc3ccc(OC(F)(F)Cl)cc3)cc(-c3ccn[nH]3)c21,9.494850158691406,9.420644931702387,0.10783162580215674,1.0,0.07420522698901877
rf,45,C=CCOc1ccc2cc(-c3nn(C(C)C)c4ncnc(N)c34)ccc2c1,6.170696258544922,5.748249004224148,0.6067549743582701,0.7777777777777778,0.42244725432077423
rf,2337,O=C(Nc1ccc(OC(F)(F)Cl)cc1)c1cnc(N2CC[C@@H](CO)[C@@H](O)C2)c(-c2cncnc2)c1,8.740742683410645,8.983920662138196,0.22568359822691414,0.8823529411764706,0.24317797872755165
rf,2473,O=C(Nc1ccc(OC(F)(F)F)cc1)c1cnc(N2CC[C@@H](O)C2)c(-c2cncc(Cl)c2)c1,8.740742683410645,8.555171533956214,0.3233980575570979,0.8333333333333334,0.18557114945443054
rf,1110,C[C@@H]1COCc2nc3cc(C(=O)Nc4ccc(OC(F)(F)Cl)cc4)cc(-c4cncnc4)c3n21,9.602060317993164,9.084626856009166,0.29075262037385935,1.0,0.5174334619839982
rf,798,COC(=O)c1cc2cc(NCc3ccccc3C(F)(F)F)cnc2[nH]1,6.7798919677734375,6.763732365433416,0.6144996931934452,0.7407407407407407,0.01615960234002145
rf,2037,NC(=O)c1cccc(-c2ccc3c(c2)C(=O)Nc2cc(OC(F)(F)F)ccc2N3)c1,4.929223537445068,5.34755441659369,0.5755982325950247,0.7368421052631579,0.41833087914862155
rf,1546,Cc1ccc(NC(=O)c2ccc(CN3CCN(C)CC3)c(C(F)(F)F)c2)cc1OC1CCN(C(=O)c2ccncc2)CC1,8.154901504516602,7.058355259384881,1.2035071786942226,0.8441558441558441,1.0965462451317203
rf,748,CN[C@@H]1CCN(c2ncc(C(=O)Nc3ccc(OC(F)(F)F)cc3)cc2-c2cccnc2)C1,8.522878646850586,8.537372176826914,0.05542057683982733,1.0,0.01449352997632758
rf,2071,N[C@@H]1CCCN(c2ncc(C(=O)Nc3ccc(OC(F)(F)Cl)cc3)cc2-c2cncnc2)C1,8.818194389343262,8.918481318827029,0.28752039098660653,0.7971014492753623,0.10028692948376694
rf,2412,O=C(Nc1ccc(OC(F)(F)F)cc1)c1cnc(Cl)c(-c2cncc(F)c2)c1,8.30980396270752,8.080816154479981,0.3370358032447917,0.8679245283018868,0.22898780822753828
rf,2594,O=C1C[C@H](n2cnc3cc(C(=O)Nc4ccc(OC(F)(F)Cl)cc4)cc(-c4cncnc4)c32)CN1,9.397939682006836,9.061849461361335,0.3172114480441412,1.0,0.33609022064550054
rf,2380,O=C(Nc1ccc(OC(F)(F)F)cc1)c1ccc(F)c(-c2cccnc2)c1,7.886056423187256,7.911332311630249,0.3879867427969359,0.7924528301886793,0.025275888442993555
rf,944,COc1ccc(C(=O)Nc2ccc(OC(F)(F)F)cc2)cc1-c1cccnc1,8.494850158691406,8.303067936493973,0.32320811675535754,0.8148148148148148,0.19178222219743368
rf,2292,O=C(Nc1ccc(OC(F)(F)Cl)cc1)c1cc(-c2cncnc2)c2c(c1)ncn2CC1CC1,9.229147911071777,9.33306733594961,0.0657188258918872,0.8695652173913043,0.1039194248778319
rf,414,CCNC(=O)Nc1nc2ccc(-c3ccccc3Cl)cc2[nH]1,7.669586181640625,7.272254265193036,0.5734968965671174,0.7843137254901961,0.39733191644758925
rf,602,CN(C)[C@H]1CN(c2ncc(C(=O)Nc3ccc(OC(F)(F)F)cc3)cc2-c2cncc(F)c2)C[C@@H]1O,8.688375473022461,8.580042862881061,0.17748219784321043,0.855072463768116,0.1083326101413995
rf,173,CC(C)c1ccc(C(=O)Nc2cc(CN3CCN(C)CC3)cc(C(F)(F)F)c2)cc1C#Cc1cnc2cnccn12,6.306272983551025,5.993665358225504,0.7672330468710785,0.8395061728395061,0.312607625325521
rf,178,CC(C)c1nc2cc(C(=O)Nc3ccc(OC(F)(F)Cl)cc3)cc(-c3cncnc3)c2n1C,9.20065975189209,9.365304494867718,0.09873592717489861,0.875,0.1646447429756286
rf,940,COc1ccc(C(=O)Nc2ccc(OC(F)(F)F)cc2)cc1-c1cc[nH]n1,7.886056423187256,8.190065144654493,0.3589073281081804,0.7592592592592593,0.30400872146723756
rf,1850,Cc1ncncc1-c1cc(C(=O)Nc2ccc(OC(F)(F)Cl)cc2)cnc1N1C[C@H](O)[C@@H](O)C1,7.048672199249268,9.054221284654405,0.09629714757620256,1.0,2.0055490854051374
rf,2482,O=C(Nc1ccc(OC(F)(F)F)cc1)c1cnc(N2CC[C@H](CO)C2)c(-c2ccc(C3CC3)nc2)c1,7.585026741027832,8.706682264689144,0.24944169348837467,0.8285714285714286,1.1216555236613122
rf,211,CC(C)n1nc(-c2cc(F)c(C=O)c(F)c2)c2c(N)ncnc21,5.886056423187256,5.308498795725606,0.7748790101376727,0.6346153846153846,0.5775576274616503
rf,1374,Cc1ccc(C(=O)Nc2cc(CN3CCN(C)CC3)cc(C(F)(F)F)c2)cc1C#Cc1cnc2cnccn12,9.397939682006836,6.684086171239614,0.9994233112109131,0.8481012658227848,2.7138535107672217
rf,2585,O=C(O)c1cccc(Nc2nccc(-c3cccnc3)n2)c1,5.096909999847412,5.670184613609133,0.788255450987735,0.7708333333333334,0.5732746137617211
rf,1763,Cc1cn(-c2cc(NC(=O)c3cccc(C#Cc4cnc5cccnn45)c3)cc(C(F)(F)F)c2)cn1,7.389391899108887,7.2465528645868655,0.5681392723672617,0.8026315789473685,0.14283903452202118
rf,387,CCN1CCN(Cc2ccc(NC(=O)COc3ccc(-c4cccnc4)cc3)cc2C(F)(F)F)CC1,5.0,6.540384855259279,1.256147870537419,0.7794117647058824,1.540384855259279
rf,1264,Cc1cc(Nc2ncc(C)c(N3CC(CC#N)C3)n2)sn1,6.177832126617432,6.142253696493359,0.5055777458227237,0.8148148148148148,0.03557843012407247
rf,1098,C[C@@H]1CN(c2cncnc2)Cc2cc(C(=O)Nc3cc(CN4CCN(C)CC4)cc(C(F)(F)F)c3)ccc21,5.0,5.065263365809122,0.33721345970565675,0.8378378378378378,0.0652633658091224
rf,787,COC(=O)c1cc2cc(NC(=O)c3ccccc3C(F)(F)F)cnc2[nH]1,6.357535362243652,6.973572895154466,0.717659439672167,0.7222222222222222,0.6160375329108136
rf,1615,Cc1ccc(NC(O)c2ccc(CN3CC[C@@H](CN(C)C)C3)c(C(F)(F)F)c2)cc1Nc1nccc(-c2cncnc2)n1.Cl,7.494850158691406,5.773419566957841,0.8940575243403824,0.6428571428571429,1.721430591733565
rf,152,CC(C)(O)c1ncc(C(=O)Nc2ccc(OC(F)(F)F)cc2)cc1-c1cncnc1,8.031517028808594,8.319874882061407,0.29766515097047697,0.8301886792452831,0.2883578532528137
rf,1366,Cc1ccc(C(=O)Nc2cc(C(F)(F)F)cc(C(F)(F)F)c2)cc1C#Cc1cc(-c2cnn(C)c2)cnc1N,7.6575775146484375,7.2162988351229815,0.7767492569375836,0.5308641975308642,0.44127867952545596
rf,2083,N[C@H]1CN(c2ccc(C(=O)Nc3ccc(OC(F)(F)Cl)cc3)cc2-c2cncnc2)C[C@@H]1O,8.650514602661133,8.940020282533432,0.2062746363980845,0.8870967741935484,0.289505679872299
rf,1286,Cc1ccc(-c2cc(C(=O)Nc3ccc(OC(F)(F)C(F)F)cc3)cnc2N2CC[C@@H](O)C2)cn1,7.975390911102295,8.627616013332677,0.20002697332129593,0.875,0.652225102230382
rf,1410,Cc1ccc(C(=O)Nc2ccc(CN3CCN(C)CC3)c(C(F)(F)F)c2)cc1C#Cc1ccc(C(N)=O)nc1,6.90298318862915,7.418979293211012,0.5290304089492129,0.7945205479452054,0.5159961045818617
rf,782,COC(=O)c1cc2cc(NC(=O)c3c(Cl)cccc3Cl)cnc2[nH]1,7.431798458099365,6.648488474533091,0.7289737172135516,0.7037037037037037,0.7833099835662738
rf,1688,Cc1cccc(NC(=O)COc2cc(O)c3c(=O)cc(-c4ccccc4)oc3c2)c1,5.557590961456299,5.967462315294479,0.5006453817437618,0.8135593220338984,0.40987135383817996
rf,2512,O=C(Nc1ccc(S(=O)(=O)C(F)(F)F)cc1)c1cnc(N2CC[C@@H](O)C2)c(-c2cncnc2)c1,8.094212532043457,8.482833974057204,0.3050494632936201,0.7575757575757576,0.38862144201374704
rf,1034,CS(=O)(=O)CCNCc1ccc(-c2ccc3ncnc(Nc4ccc(OCc5cccc(F)c5)c(Cl)c4)c3c2)o1,4.638272285461426,5.908099069396209,1.2977961072024264,0.6746987951807228,1.269826783934783
rf,1544,Cc1ccc(NC(=O)c2ccc(CN3CCN(C)CC3)c(C(F)(F)F)c2)cc1Nc1nccc(-c2cncnc2)n1,8.055517196655273,7.867139511877948,0.44287450230252057,0.8831168831168831,0.18837768477732553
rf,1743,Cc1ccncc1-c1cnc2nc(NC(=O)OC(C)(C)C)sc2c1,5.698969841003418,5.49223783493042,0.9180085273177488,0.6896551724137931,0.2067320060729978
rf,889,COc1cc2nccc(Oc3ccc(NC(=O)c4c(C)n(C)n(-c5ccccc5)c4=O)cc3F)c2cc1OC,8.0,6.982868089471061,1.0381719526591533,0.36363636363636365,1.0171319105289394
rf,1556,Cc1ccc(NC(=O)c2ccc(CN3CCN(C)CC3)cc2)cc1Nc1nccc(-c2cncc(-c3nncs3)c2)n1,7.148741722106934,7.136865974124827,0.40154095929327455,0.8375,0.011875747982106333
rf,1475,Cc1ccc(C(=O)Nc2ccc(Cl)c(C(F)(F)F)c2)cc1/C=C/n1cnc2c(NC3CC3)ncnc21,4.431798458099365,4.895349137147267,1.1225618939856417,0.7662337662337663,0.46355067904790204
rf,2321,O=C(Nc1ccc(OC(F)(F)Cl)cc1)c1cnc(N2CC(O)C2)c(-c2cncnc2)c1,8.76362133026123,9.297670901404485,0.24245855310232875,0.9,0.5340495711432549
rf,486,CCOc1ccc2cc(-c3nn(CC4CCN(C)CC4)c4ncnc(N)c34)ccc2c1.Cl,5.337242126464844,4.988036048531844,0.26432648656419777,0.8064516129032258,0.3492060779330002
rf,402,CCNC(=O)Nc1nc2ccc(-c3c(Cl)cccc3Cl)cc2[nH]1,7.365522861480713,7.353091698891477,0.5555381587104432,0.88,0.012431162589235711
rf,411,CCNC(=O)Nc1nc2ccc(-c3ccccc3)cc2s1,9.508638381958008,8.471988940647057,0.6086775716342921,0.8043478260869565,1.036649441310951
rf,1784,Cc1n[nH]c2ccc(-c3cc(N[C@@H](CO)c4ccccc4)cnc3-c3cc(Cl)ccc3O)cc12,8.180456161499023,7.930858096864489,0.9930594078706595,0.835820895522388,0.24959806463453482
rf,1937,Cn1cc(-c2cc(C(=O)Nc3ccc(OC(F)(F)F)cc3)ccc2F)cn1,7.455932140350342,8.025534422079721,0.48643035250439043,0.8035714285714286,0.5696022817293791
rf,282,CC(C)n1nc(-c2cnc3ccccc3c2)c2c(N)ncnc21,5.884775638580322,6.139134977694515,0.7380117247723031,0.7450980392156863,0.25435933911419273
rf,2181,Nc1ncnc2c1c(Cc1cccc3ccccc13)nn2CC1CCNCC1,4.698969841003418,4.970550374059225,0.49184593477296434,0.7540983606557377,0.27158053305580676
rf,1815,Cc1nc(Nc2ncc(C(=O)Nc3c(C)noc3C)s2)cc(N2CCN(CCO)CC2)n1,7.562249660491943,6.327961985520679,1.2831783917788164,0.7714285714285715,1.2342876749712648
rf,506,CC[C@H](C)[C@H](NC(=O)[C@H](CCC(=O)O)NC(=O)[C@H](CCC(=O)O)NC(=O)[C@H](Cc1ccc(P(=O)(O)O)cc1)NC(C)=O)C(=O)N[C@@H](CCC(=O)O)C(=O)O,4.6575775146484375,5.105369946871021,0.7588388743851336,0.7903225806451613,0.4477924322225837
rf,2419,O=C(Nc1ccc(OC(F)(F)F)cc1)c1cnc(N2CC(CO)C2)c(-c2cncc(F)c2)c1,8.761439323425293,8.665310377281536,0.1883051696985111,0.8412698412698413,0.09612894614375733
rf,254,CC(C)n1nc(-c2ccc3cc[nH]c3c2)c2c(N)ncnc21,6.698969841003418,5.957421809914368,0.6949965048836799,0.74,0.7415480310890503
rf,1832,Cc1ncc(-c2cc(C(=O)Nc3ccc(OC(F)(F)F)cc3)cnc2N2CC(CO)C2)cc1F,8.897939682006836,8.615965521888308,0.22766655131726843,0.8955223880597015,0.28197416011852816
rf,759,CNc1nc(Nc2ccc(C)c(N)c2)ncc1C(=O)Nc1cc(NC(=O)c2cccc(C(F)(F)F)c2)ccc1C,7.15490198135376,5.818390457141093,1.0617283565672124,0.5138888888888888,1.3365115242126668
rf,819,COC[C@@H](C)n1cnc2cc(C(=O)Nc3ccc(OC(F)(F)Cl)cc3)cc(-c3cncnc3)c21,9.318758964538574,9.19177090479705,0.10478793145024268,1.0,0.1269880597415245
rf,168,CC(C)[C@H]1CN(c2cncnc2)Cc2cc(C(=O)Nc3cc(CN4CCN(C)CC4)cc(C(F)(F)F)c3)ccc21,5.0,5.0693301001230875,0.35990482942093915,1.0,0.06933010012308749
rf,318,CC1(O)CN(c2ncc(C(=O)Nc3ccc(OC(F)(F)Cl)cc3)cc2-c2ccn[nH]2)C1,8.960409164428711,9.047463563283285,0.2422216525660572,0.8955223880597015,0.08705439885457444
rf,1756,Cc1cn(-c2cc(NC(=O)c3ccc(C)c(Nc4cc(-c5ccc(F)nc5)ccn4)c3)cc(C(F)(F)F)c2)cn1,6.0,6.7079741288644295,0.6368228313010158,0.8157894736842105,0.7079741288644295
rf,817,COCCOc1ncc(C(=O)Nc2ccc(OC(F)(F)F)cc2)cc1-c1cncnc1,7.24654483795166,8.108288131158886,0.540781270538582,0.8214285714285714,0.8617432932072262
rf,1960,FC(F)(F)CNc1nc(Nc2ccc3cn[nH]c3c2)nc2ccoc12,5.27327299118042,5.828882416857756,0.7003712153639995,0.5714285714285714,0.5556094256773365
rf,135,CC(C)(C)n1cnc2cc(C(=O)Nc3ccc(OC(F)(F)Cl)cc3)cc(-c3cncnc3)c21,9.301030158996582,9.192139186772765,0.4589546760460388,0.7727272727272727,0.10889097222381672
rf,1229,Cc1cc(C(F)(F)F)ncc1-c1ccc2nc(NC(=O)[C@@H]3C[C@@H]3F)sc2c1,6.341988563537598,7.639236472747478,0.20726356567222715,0.8070175438596491,1.2972479092098803
rf,1885,Cl.Cl.O=C1Nc2cc(Br)ccc2/C1=C1/Nc2ccccc2/C1=N\OCCN1CCNCC1,8.543676376342773,5.962713225038393,0.5658817067193515,0.85,2.5809631513043803
rf,2339,O=C(Nc1ccc(OC(F)(F)Cl)cc1)c1cnc(N2CC[C@@H](O)C2)c(-c2cc(F)cnc2Cl)c1,9.0,8.779300185309515,0.19835639681734446,0.8656716417910447,0.2206998146904855
rf,1187,Cc1c(F)cccc1-c1ccc2nc(NC(=O)[C@@H]3C[C@@H]3F)c(C)n2c1,7.259637355804443,7.3341751043841805,0.48768823292923363,0.8245614035087719,0.07453774857973716
rf,2175,Nc1ncnc2c1c(-c1ccccc1)nn2-c1ccccc1,5.0,5.57248239578181,0.8598152646446163,0.6190476190476191,0.5724823957818099
rf,2693,c1coc(CNc2ccc3[nH]nc(-c4nc5cc(N6CCC(N7CCCCC7)CC6)ccc5[nH]4)c3c2)c1,7.221848964691162,6.861451532046,0.7440158651019466,0.7916666666666666,0.3603974326451622
rf,802,COC(=O)c1cc2cc(NCc3cnc4[nH]ccc4c3)cnc2[nH]1,6.866461277008057,6.338138815738536,0.5179804296188933,0.7454545454545455,0.5283224612695205
rf,976,COc1cccc(-c2nn(C(C)C)c3ncnc(N)c23)c1OC,4.95078182220459,5.869013023122144,0.824982843509162,0.6666666666666666,0.9182312009175542
rf,1307,Cc1ccc(-c2cc(C(=O)Nc3ccc(OC(F)(F)F)cc3)cnc2N2CC[C@H](N)C2)cn1,8.154901504516602,8.521729270105626,0.08832891758171077,1.0,0.36682776558902397
rf,1681,Cc1cccc(F)c1-c1ccc2nc(NC(=O)[C@H]3C[C@@H](F)C3)sc2c1,6.6675615310668945,6.784138775737028,0.5382874753304768,1.0,0.11657724467013342
rf,210,CC(C)n1nc(-c2cc(C=O)co2)c2c(N)ncnc21,5.346787452697754,5.106265055350648,0.7535000236335285,0.58,0.2405223973471058
rf,1808,Cc1nc(Nc2ncc(C(=O)Nc3c(C)cccc3Cl)s2)cc(N2CCN(CCO)CC2)n1,8.95860767364502,7.690656233512289,0.7061332203810843,0.9848484848484849,1.2679514401327303
rf,1691,Cc1cccc2[nH]c(-c3nc(C(C)(C)C)n4ccnc(N)c34)cc12,5.381011009216309,5.973686059637149,0.8138885000728522,0.5344827586206896,0.5926750504208407
rf,932,COc1ccc(/C=C\c2cc(OC)c(OC)c(OC)c2)cc1O,5.0,5.913373454423511,1.3195183841333389,0.4318181818181818,0.9133734544235113
rf,1486,Cc1ccc(C(=O)Nc2cccc(C(F)(F)F)c2)cc1Nc1nc(-c2cccnc2)nc2c1cnn2C,5.778064250946045,6.2110335063581115,1.0775399623511048,0.5783132530120482,0.43296925541206654
rf,2297,O=C(Nc1ccc(OC(F)(F)Cl)cc1)c1cc(-c2cncnc2)c2c(c1)ncn2[C@@H]1COC[C@@H]1O,8.987162590026855,9.271975050631022,0.10383629972807217,1.0,0.2848124606041669
rf,2471,O=C(Nc1ccc(OC(F)(F)F)cc1)c1cnc(N2CC[C@@H](O)C2)c(-c2cnc(Cl)c(F)c2)c1,8.960409164428711,8.621871625091089,0.38829945014205436,0.8285714285714286,0.3385375393376222
rf,990,COc1ccccc1-c1ccc2nc(NC(=O)NCCCO)sc2c1,9.795880317687988,10.191243263880411,0.6127894876381557,0.8421052631578947,0.3953629461924226
rf,1036,CS(=O)(=O)Cc1cccc(Nc2nccc(Oc3ccc4c(C(=O)Nc5ccccc5)cccc4c3)n2)c1,5.0,5.439419171214103,0.7848793908968333,0.8529411764705882,0.43941917121410334
rf,2664,[O-][n+]1ccc2c(-c3ccc(F)cc3Cl)ccnc2c1-c1c(Cl)cccc1Cl,5.0,5.716404729461494,1.0397654310227344,0.2777777777777778,0.7164047294614937
rf,410,CCNC(=O)Nc1nc2ccc(-c3cccc(F)c3)cc2[nH]1,7.090444087982178,6.9542441052895905,0.8164851939306136,0.78,0.13619998269258726
rf,1228,Cc1cc(C(C)O)ncc1-c1ccc2sc(NC(=O)[C@@H]3C[C@@H]3F)nc2c1,5.698969841003418,5.680019981543223,0.4909182671728152,0.864406779661017,0.018949859460194673
rf,298,CC(C)n1nc(C#Cc2ccccc2O)c2c(N)ncnc21,6.1401686668396,6.911629180522525,0.9318659225901044,0.74,0.7714605136829258
rf,1377,Cc1ccc(C(=O)Nc2cc(N3CCN(C)CC3)cc(C(F)(F)F)c2)cc1/C=C/n1cnc2c(NC3CC3)ncnc21,5.180097579956055,5.670826774173312,1.0301563019110749,0.7764705882352941,0.49072919421725736
rf,2600,O=C1NCCc2[nH]c(-c3ccncc3)cc21,5.0,5.233617076362799,0.5753228924674003,0.2807017543859649,0.23361707636279938
rf,2439,O=C(Nc1ccc(OC(F)(F)F)cc1)c1cnc(N2CCCNCC2)c(-c2cccnc2)c1,8.397939682006836,8.415817760938864,0.2319982698942532,0.7714285714285715,0.01787807893202853
rf,1033,CP(C)(=O)c1ccc(Nc2ncnc3c2ncn3/C=C/c2ccccc2Cl)cc1,7.158640384674072,7.906040683216518,0.9481898237195109,0.75,0.7474002985424457
rf,2002,N#Cc1ccc(-c2cnc3ccc(NCc4ccccc4)nn23)cc1,5.4202165603637695,5.032579040595499,0.9438985367247366,0.26666666666666666,0.3876375197682709
rf,2626,O=C1Nc2cc(OC(F)(F)F)ccc2Oc2ccc(-c3cnc4ccnn4c3)cc21,5.929223537445068,5.692525233636761,0.8230170901329017,0.6666666666666666,0.23669830380830703
rf,199,CC(C)n1cnc2cc(C(=O)Nc3ccc(OC(F)(F)Cl)cc3)cc(-c3cnn[nH]3)c21,9.09691047668457,9.368895435863072,0.1447036496046162,0.7391304347826086,0.27198495917850174
rf,1029,COc1ncc(F)cc1CNc1ccc(Cc2c[nH]c3ncc(C)cc23)c(F)n1,6.0,6.902712992702742,1.148400784579612,0.28205128205128205,0.9027129927027424
rf,1862,Cc1nn(-c2ccccc2)c2nc(CNc3ccc(O)cc3)n(CC#N)c(=O)c12,4.301030158996582,4.245131479899088,0.3343212135976722,0.8727272727272727,0.0558986790974938
rf,289,CC(C)n1nc(C#Cc2cccc(Cl)c2)c2c(N)ncnc21,5.644941329956055,5.659113187401931,0.6366756193433197,0.7647058823529411,0.014171857445876235
rf,246,CC(C)n1nc(-c2ccc3c(ccn3C)c2)c2c(N)ncnc21,6.392286777496338,5.7737591237164,0.5257566855549947,0.6981132075471698,0.618527653779938
rf,2150,Nc1ncnc2c1c(-c1ccc(F)c(O)c1)nn2C1CNC1,6.533132553100586,7.0322748674551665,0.7141023821776592,0.8490566037735849,0.49914231435458056
rf,1476,Cc1ccc(C(=O)Nc2ccc(Cl)cc2Cl)cc1C#Cc1cc(-c2cnn(C)c2)cnc1N,8.154901504516602,6.5309059589835226,1.3417952349464608,0.37777777777777777,1.623995545533079
rf,707,CN1CCN(c2ccc(Nc3nc(Nc4ccccc4)c4ncn(CC5CC5)c4n3)cc2)CC1,7.045757293701172,6.131134294419513,1.2064084451987223,0.847457627118644,0.9146229992816588
rf,1564,Cc1ccc(NC(=O)c2ccc(CN3CCN(C)CC3)cc2)cc1Nc1nccc(-c2cncc(C3=NN=C(C(=O)Nc4cc(C(N)=O)n[nH]4)C3)c2)n1,6.966576099395752,7.183915339132042,0.29527874601266574,0.9010989010989011,0.21733923973629032
rf,1463,Cc1ccc(C(=O)Nc2ccc(CN3CCN(CCO)CC3)c(Cl)c2)cc1C#Cc1cnc2cccnn12,9.408935546875,8.109556104171176,0.941616835331131,0.8918918918918919,1.2993794427038239
rf,2646,O=[N+]([O-])c1cccc(Nc2nccc(-c3cccnc3)n2)c1,4.4685211181640625,5.565903868733834,0.6523338746594982,0.8043478260869565,1.0973827505697713
rf,620,CN(CCO)c1ncc(C(=O)Nc2ccc(OC(F)(F)F)cc2)cc1-c1cncc(C#N)c1,8.1298189163208,8.37200974199507,0.3666170313862257,0.8805970149253731,0.2421908256742693
rf,1099,C[C@@H]1COCCN1c1nc(-c2ccnc3[nH]ccc23)nc2c1ccn2S(C)(=O)=O,5.0,5.4125533684292755,1.0973022053443036,0.24731182795698925,0.4125533684292755
rf,1962,FC(F)C(F)(F)Oc1cccc(Nc2nccc(-c3ccc(Cl)cc3)n2)c1,4.301030158996582,4.93177359122501,1.0434849027925805,0.803921568627451,0.630743432228428
rf,407,CCNC(=O)Nc1nc2ccc(-c3ccc(OC)cc3OC)cc2s1,8.920818328857422,8.961298720041912,0.9393685612137256,0.8035714285714286,0.04048039118448976
rf,1882,Cc1nsc(-c2ccc3nc(NC(=O)[C@@H]4C[C@@H]4F)sc3c2)c1Cl,6.935542106628418,7.718559424782353,0.5728211473390894,0.8181818181818182,0.7830173181539353
rf,755,CNc1c(F)cccc1-c1ccc2nc(NC(=O)[C@@H]3C[C@@H]3F)cn2c1,8.0,7.843047699221097,0.4561491811500285,0.7894736842105263,0.15695230077890265
rf,2330,O=C(Nc1ccc(OC(F)(F)Cl)cc1)c1cnc(N2CCN(C3CC3)CC2)c(-c2ccn[nH]2)c1,8.352546691894531,8.799587304592132,0.2620372339317847,0.7887323943661971,0.44704061269760054
rf,2158,Nc1ncnc2c1c(-c1ccc3[nH]ccc3c1)nn2C1CCCC1,6.630784034729004,6.185891641137744,0.8030785611392428,0.7321428571428571,0.4448923935912603
rf,2314,O=C(Nc1ccc(OC(F)(F)Cl)cc1)c1cnc(Cl)c(-c2cncnc2)c1,8.537602424621582,8.63018769868215,0.3300242798811864,0.8627450980392157,0.09258527406056771
rf,104,CC(=O)c1cc(C)c(-c2ccc3sc(NC(=O)[C@@H]4C[C@@H]4F)nc3c2)cn1,5.698969841003418,5.7003774646843,0.5137238398346122,0.8596491228070176,0.0014076236808824305
rf,2481,O=C(Nc1ccc(OC(F)(F)F)cc1)c1cnc(N2CC[C@@H](O)C2)c(-c2nccs2)c1,8.0,8.485793887761275,0.3542158443537395,0.7352941176470589,0.4857938877612753
rf,1127,C[C@@H]1C[C@H]1C(=O)N1CCN(c2cnc(C#N)c(-c3cnn(C)c3)n2)C[C@H]1C,4.0,5.762250209058407,1.0574255184545023,0.25287356321839083,1.762250209058407
rf,1399,Cc1ccc(C(=O)Nc2ccc(CN3CCN(C)CC3)c(C(F)(F)F)c2)cc1-n1cc(-c2cnc3[nH]ccc3c2)nn1,8.913640022277832,7.847740808561695,0.8868987648887462,0.8536585365853658,1.0658992137161372
rf,479,CCOc1ccc2cc(-c3nc(C(C)(C)C)n4ccnc(N)c34)ccc2c1,5.0,5.468724958538382,0.7848121680496525,0.8,0.4687249585383819
rf,1023,COc1ncc(-c2cc(C(=O)Nc3ccc(OC(F)(F)F)cc3)ccc2N2CC[C@@H](O)C2)cn1,8.154901504516602,8.520130875085147,0.07096075294062205,0.8208955223880597,0.3652293705685459
rf,1900,Cl.c1ccc(-c2cccc(Nc3ncnc4cc5c(cc34)OCO5)c2)cc1,7.2924299240112305,7.181192217641025,0.6147098809036511,0.9761904761904762,0.11123770637020503
rf,226,CC(C)n1nc(-c2ccc(C=O)c(F)c2)c2c(N)ncnc21,6.162411689758301,5.280766053885713,0.7233362419319725,0.6730769230769231,0.8816456358725882
rf,231,CC(C)n1nc(-c2ccc(F)c(O)c2)c2c(N)ncnc21,7.853871822357178,6.940430559317271,0.6602852541559113,0.8,0.9134412630399069
rf,1653,Cc1cccc(C)c1/C=C/n1cnc2c(Nc3ccc(P(C)(C)=O)cc3)nc(C3CCN(C)CC3)nc21,9.337242126464844,8.061350344022115,0.46823378326875553,0.6857142857142857,1.275891782442729
rf,2163,Nc1ncnc2c1c(-c1ccc3cc(OCc4ccccc4Cl)ccc3c1)nn2CC1CCNCC1,5.0,5.510885899017263,1.0649937620415197,0.7941176470588235,0.5108858990172633
rf,111,CC(C)(C)C(=O)N1Cc2c(NC(=O)c3cc(F)cc(F)c3)n[nH]c2C1(C)C,5.0,6.6868313845897145,1.196400702840134,0.39436619718309857,1.6868313845897145
rf,51,CC(=O)N1CCN([C@H]2C[C@@H](n3cc(-c4cc(OC[C@@H]5CCCO5)ccc4F)c4c(N)ncnc43)C2)CC1,5.0,5.5756280318938165,0.8860394909494437,0.7560975609756098,0.5756280318938165
rf,1421,Cc1ccc(C(=O)Nc2ccc(CN3CCN(C)CC3)c(C(F)(F)F)c2)cc1C#Cc1cnc2[nH]c(=O)[nH]c2c1,7.567922592163086,8.3944445709509,0.8406863119287975,0.7875,0.8265219787878149
rf,2194,O=C(CCCl)Nc1ccc2ncnc(Nc3ccc4[nH]cc(Br)c4c3)c2c1,5.0,5.352742201964061,0.7511250310394179,0.7,0.3527422019640607
rf,794,COC(=O)c1cc2cc(NCc3ccc4[nH]ccc4c3)cnc2[nH]1,6.465907096862793,6.447115743553598,0.7764004694699085,0.8490566037735849,0.01879135330919457
rf,2560,O=C(Nc1cnccc1-c1ccc(Cl)cc1)c1ccnc(NC(=O)C2CC2)c1,4.301030158996582,4.4860853068033855,0.5917763484833223,0.8148148148148148,0.18505514780680343
rf,2497,O=C(Nc1ccc(OC(F)(F)F)cc1)c1cnc(N2Cc3cn[nH]c3C2)c(-c2cncnc2)c1,8.979303359985352,7.822063281652865,1.005103156096388,0.8805970149253731,1.157240078332487
rf,2167,Nc1ncnc2c1c(-c1ccc3oc(-c4ccccc4)nc3c1)nn2CC1CCNCC1,5.0,4.97005529096602,0.2308783301466831,0.7166666666666667,0.029944709033980388
rf,1272,Cc1cc(Nc2ncc(C)c(N3CCN(CC#N)C(C)C3)n2)sn1,5.905529022216797,6.419502273989168,0.4241179388359055,1.0,0.513973251772371
rf,368,CCN(CCO)c1ncc(C(=O)Nc2ccc(OC(F)(F)Cl)cc2)cc1-c1cncnc1,8.809894561767578,8.69149450302124,0.20108062646631394,0.8709677419354839,0.11840005874633874
rf,1298,Cc1ccc(-c2cc(C(=O)Nc3ccc(OC(F)(F)F)cc3)cnc2N2CCCN(C)CC2)cn1,8.522878646850586,8.509344351163273,0.15821559459984064,0.8088235294117647,0.013534295687312792
rf,2055,NCCC(=O)Nc1nc2ccc(C(=O)c3ccccc3)cc2[nH]1,6.258063793182373,5.971574247678121,1.089815597860659,0.5957446808510638,0.286489545504252
rf,2251,O=C(Nc1ccc(OC(F)(F)C(F)F)cc1)c1cnc(N2CC[C@@H](O)C2)c(-c2cncc(F)c2)c1,7.958607196807861,8.650355360334789,0.16449661940883006,0.8769230769230769,0.6917481635269276
rf,1149,C[C@H](CO)n1c(C(F)F)nc2cc(C(=O)Nc3ccc(OC(F)(F)Cl)cc3)cc(-c3cncnc3)c21,9.42021656036377,9.317602675162945,0.08692506567938263,0.8840579710144928,0.10261388520082448
rf,1037,CS(=O)(=O)Cc1cccc(Nc2nccc(Oc3ccc4c(C(=O)Nc5cccnc5)cccc4c3)n2)c1,5.0,5.5662412031491595,0.8377064199234533,0.8169014084507042,0.5662412031491595
rf,2397,O=C(Nc1ccc(OC(F)(F)F)cc1)c1ccc(OCCO)c(-c2cncnc2)c1,8.522878646850586,7.8567354721651785,0.6325191660684378,0.7741935483870968,0.6661431746854074
rf,527,CCc1ccc(C(=O)Nc2cc(CN3CCN(C)CC3)cc(C(F)(F)F)c2)cc1C#Cc1cnc2ccnn2c1,6.480610370635986,7.023626991907755,1.1059081348442605,0.7692307692307693,0.5430166212717689
rf,1888,Cl.N[C@@H](CCCCN/C=C1\C(=O)Nc2ccccc21)C(=O)O,5.0,4.873179111277035,0.4113027386015538,0.9347826086956522,0.12682088872296493
rf,212,CC(C)n1nc(-c2cc(F)c(O)cc2F)c2c(N)ncnc21,5.721246242523193,7.060923891007642,0.6650005424074203,0.6153846153846154,1.3396776484844484
rf,2599,O=C1NC(=O)C(c2cn(-c3ccccc3)nc2-c2ccc(F)cc2)N1,6.499997138977051,5.355324751815365,0.9548472374578855,0.2602739726027397,1.1446723871616857
rf,693,CN1CCN(Cc2ccc(NC(=O)c3ccc(F)c(C#Cc4nnc5ccccn45)c3)cc2C(F)(F)F)CC1,7.698969841003418,7.582161065391076,0.48792695929910046,0.8648648648648649,0.11680877561234215
rf,961,COc1ccc(Oc2ccc3[nH]nc(-c4nc5cc(N6CCC(N7CCCCC7)CC6)ccc5[nH]4)c3c2)cc1,6.6575775146484375,6.991761079629263,0.535463230176313,0.9016393442622951,0.33418356498082513
rf,2040,NC(=O)c1sc2c([N+](=O)[O-])cc(SC(F)(F)F)cc2[n+]1[O-],4.0,4.443072734427259,0.6500313039839211,0.2112676056338028,0.44307273442725936
rf,831,CO[C@H]1CN(c2ncc(C(=O)Nc3ccc(OC(F)(F)Cl)cc3)cc2-c2ccn[nH]2)C[C@@H]1N,9.0774507522583,8.88553931819068,0.348717232852614,0.8873239436619719,0.19191143406762023
rf,2420,O=C(Nc1ccc(OC(F)(F)F)cc1)c1cnc(N2CC(O)C2)c(-c2ccn[nH]2)c1,8.710107803344727,8.601879649838326,0.2267637579084062,0.8888888888888888,0.10822815350640091
rf,554,CCn1cc(-c2ccc3c(c2)ncn3-c2cc(OC)c(C(=O)NCC(F)(F)F)c(OC)c2)cn1,6.6223297119140625,6.98701091448466,0.5952318411547044,0.7538461538461538,0.36468120257059766
rf,1839,Cc1ncc(-c2cc(C(=O)Nc3ccc(OC(F)(F)F)cc3)cnc2N2CC[C@H](CO)C2)s1,8.740742683410645,8.676389855322114,0.16409613402699674,0.8285714285714286,0.0643528280885306
rf,218,CC(C)n1nc(-c2cc3cc(O)ccc3[nH]2)c2c(N)ncnc21,5.915456771850586,6.870784416977978,0.9104933991871856,0.75,0.955327645127392
rf,367,CCN(CCO)c1ncc(C(=O)Nc2ccc(OC(F)(F)Cl)cc2)cc1-c1cncc(F)c1,9.0,8.879558229446411,0.3247595654425064,0.875,0.12044177055358851
rf,1330,Cc1ccc(-c2nn(CCN3CCN(CCN(C)C)CC3)c3ncnc(N)c23)cc1,6.0,5.7411959126755105,0.3311460564756838,0.803921568627451,0.25880408732448945
rf,2352,O=C(Nc1ccc(OC(F)(F)Cl)cc1)c1cnc(N2C[C@@H](O)[C@@H](O)C2)c(-c2cncc(F)c2)c1,9.11092472076416,9.134036922454834,0.15928255085161488,1.0,0.023112201690674183
rf,941,COc1ccc(C(=O)Nc2ccc(OC(F)(F)F)cc2)cc1-c1ccc(C(C)=O)s1,8.468521118164062,8.316572203219849,0.30650799156524694,0.6229508196721312,0.1519489149442137
rf,840,COc1cc(-c2cncc(-c3ccc(N4CCNCC4)cc3)c2C)cc(OC)c1OC,6.473660945892334,6.155416867323887,1.3603045451157123,0.3076923076923077,0.31824407856844683
rf,1670,Cc1cccc(F)c1-c1ccc2nc(NC(=O)C3CC(F)(F)C3)sc2c1,6.057496070861816,7.113839023102915,0.5981891695626617,0.8181818181818182,1.0563429522410983
rf,420,CCNC(=O)Nc1nc2ccc(-c3ccccc3OC)cc2s1,9.95860767364502,9.10893972714742,1.0127290683356236,0.8301886792452831,0.8496679464975987
rf,2378,O=C(Nc1ccc(OC(F)(F)F)cc1)c1ccc(Cl)c(-c2cncnc2)c1,8.522878646850586,7.9773612311427,0.2662911218481414,0.8076923076923077,0.5455174157078861
rf,1845,Cc1ncnc(C)c1-c1ccc2nc(NC(=O)[C@@H]3C[C@@H]3F)sc2c1,7.042871952056885,7.392033557419647,0.41790232568196545,0.9787234042553191,0.3491616053627622
rf,2453,O=C(Nc1ccc(OC(F)(F)F)cc1)c1cnc(N2CC[C@@H](CO)C2)c(-c2cncnc2)c1,8.872364044189453,8.79436808404386,0.2307577591945291,1.0,0.07799596014559285
rf,1210,Cc1c[nH]nc1-c1ccc2nc(NC(=O)[C@@H]3C[C@@H]3F)cn2c1,7.259637355804443,8.028489346452197,0.5176997102653055,0.6610169491525424,0.7688519906477538
rf,1159,C[C@H]1CN(c2cncnc2)Cc2cc(C(=O)Nc3cc(CN4CCN(C)CC4)cc(C(F)(F)F)c3)ccc21,5.0,5.065263365809122,0.33721345970565675,0.8378378378378378,0.0652633658091224
rf,543,CCn1c(OC)nc2cc(C(=O)Nc3ccc(OC(F)(F)Cl)cc3)cc(-c3cccnn3)c21,9.136676788330078,9.280586857795715,0.161358604105356,0.7916666666666666,0.14391006946563678
rf,1582,Cc1ccc(NC(=O)c2ccc(N)c(C(F)(F)F)c2)cc1Nc1nccc(-c2cccnc2)n1,6.806875228881836,6.836099975243501,1.1975259327543428,0.8153846153846154,0.029224746361665055
rf,463,CCOc1ccc(-c2nn(C(C)C)c3ncnc(N)c23)cc1OC,5.677780628204346,5.517775745004654,0.46701680521184374,0.9183673469387755,0.16000488319969186
rf,1211,Cc1c[nH]nc1-c1ccc2nc(NC(=O)[C@@H]3C[C@@H]3F)sc2c1,7.675717353820801,7.769616718104066,0.6502892444295011,0.6949152542372882,0.09389936428326529
rf,2414,O=C(Nc1ccc(OC(F)(F)F)cc1)c1cnc(Cl)c(-c2ncc[nH]2)c1,8.301030158996582,7.789767975073297,0.4079905889793309,0.6949152542372882,0.5112621839232849
rf,1260,Cc1cc(Nc2ncc(C)c(N3CC(CC#N)(N4CCCC4)C3)n2)sn1,5.447088718414307,5.301518823342181,0.8289011571879266,0.864406779661017,0.1455698950721258
rf,2549,O=C(Nc1cn2cc(-c3cccc(F)c3F)ccc2n1)[C@@H]1C[C@@H]1F,8.0,7.869966761126392,0.3043457516527377,0.8461538461538461,0.13003323887360807
rf,761,CNc1nc2ccc(-c3cnccc3C)cc2s1,5.0,5.307141850562834,0.5215266330311215,0.6818181818181818,0.30714185056283405
rf,1190,Cc1c(F)cccc1-c1ccc2nc(NC(=O)[C@@H]3C[C@@H]3F)cn2c1.Cl,8.0,7.976451923209066,0.12117439604810062,0.9803921568627451,0.023548076790934402
rf,789,COC(=O)c1cc2cc(NCc3c(C)cccc3Cl)cnc2[nH]1,8.853872299194336,6.883283991124826,0.9168632005704681,0.7090909090909091,1.9705883080695097
rf,272,CC(C)n1nc(-c2cccc(CC#N)c2)c2c(N)ncnc21,4.301030158996582,5.514587986356397,0.43077883122649074,0.7647058823529411,1.213557827359815
rf,1170,Cc1c(-c2ccc3nc(NC(=O)[C@@H]4C[C@@H]4F)cn3c2)ccc2ncsc12,8.0,7.878301442418746,0.560828019463601,0.7121212121212122,0.12169855758125436
rf,1005,COc1ccncc1-c1ccc2nc(NC(=O)[C@@H]3C[C@@H]3F)sc2c1,8.229147911071777,7.700325155151087,0.8807526865194616,0.7758620689655172,0.5288227559206904
rf,2058,NCCNC(=O)c1cccc(-c2ccc3c(c2)C(=O)Nc2cc(OC(F)(F)F)ccc2N3)c1,4.77921199798584,5.286396035029625,0.4404974411625951,0.85,0.5071840370437855
rf,259,CC(C)n1nc(-c2ccc3nc(Cl)ccc3c2)c2c(N)ncnc21,5.4202165603637695,5.708050484605019,0.4289471462505807,0.8367346938775511,0.28783392424124976
rf,96,CC(=O)Nc1nc(-c2nc(C)no2)cs1,4.150000095367432,5.295807951251666,0.702026776421915,0.5319148936170213,1.1458078558842342
rf,251,CC(C)n1nc(-c2ccc3cc(OCc4ccc(CC(F)(F)F)c(Cl)c4)ccc3c2)c2c(N)ncnc21,5.74521017074585,6.193156803148071,0.7183019894251098,0.6857142857142857,0.4479466324022212
rf,2151,Nc1ncnc2c1c(-c1ccc(F)c(O)c1)nn2CC1CCNCC1,5.233438491821289,5.927475291781956,0.7563187459257231,0.7931034482758621,0.6940367999606671
rf,1508,Cc1ccc(NC(=O)COc2cc(O)c3c(=O)cc(-c4ccccc4)oc3c2)cc1,6.38022518157959,6.060004946125878,0.6415637959217518,0.8214285714285714,0.3202202354537116
rf,1395,Cc1ccc(C(=O)Nc2ccc(CN3CCN(C)CC3)c(C(F)(F)F)c2)cc1-n1cc(-c2cnc(NC(C)C)nc2)nn1,6.467245578765869,7.112776547647765,0.5806510897485295,0.8607594936708861,0.6455309688818955
rf,2072,N[C@@H]1CCN(c2ncc(C(=O)Nc3ccc(OC(F)(F)F)cc3)cc2-c2cccnc2)C1,8.522878646850586,8.538611329906798,0.06577683161200856,0.8484848484848485,0.015732683056212338
rf,1412,Cc1ccc(C(=O)Nc2ccc(CN3CCN(C)CC3)c(C(F)(F)F)c2)cc1C#Cc1cccnc1,7.152394771575928,7.430247246029891,0.5507836212046668,0.8428571428571429,0.27785247445396344
rf,1521,Cc1ccc(NC(=O)[C@H]2CC[C@H](CN3CCN(C)CC3)CC2)cc1Nc1nccc(-c2cccnc2)n1,6.0,6.092335138714572,0.4240482999786734,0.8714285714285714,0.09233513871457166
rf,610,CN(CCCO)c1ncc(C(=O)Nc2ccc(OC(F)(F)F)cc2)cc1-c1cncnc1,8.522878646850586,7.826229477155775,0.5939813734373692,0.9,0.6966491696948109
rf,2446,O=C(Nc1ccc(OC(F)(F)F)cc1)c1cnc(N2CCNC3(CC3)C2)c(-c2cncnc2)c1,8.809894561767578,8.314835962839721,0.27414745073677455,0.8823529411764706,0.49505859892785686
rf,2579,O=C(Nc1nc2ccc(-c3cncnc3C(F)(F)F)cc2s1)[C@@H]1C[C@@H]1F,6.92081880569458,7.5299463024639275,0.44234343034922163,0.7627118644067796,0.6091274967693474
rf,2086,N[C@]1(C(F)(F)F)CCN(c2ncc(C(=O)Nc3ccc(OC(F)(F)F)cc3)cc2-c2ccn[nH]2)C1,8.387216567993164,8.690233787908932,0.20650907936612364,0.8028169014084507,0.3030172199157679
rf,1948,Cn1ccc2cc(-c3nn(C4CCCC4)c4ncnc(N)c34)ccc21,6.0883097648620605,5.949078383218852,0.518542187836456,0.6875,0.13923138164320825
rf,2013,N#Cc1ccncc1-c1ccc2nc(NC(=O)[C@@H]3C[C@@H]3F)sc2c1.O=C(O)C(F)(F)F.O=C(O)C(F)(F)F,7.299123287200928,7.324065342635946,0.43841673295392874,0.896551724137931,0.024942055435018595
rf,767,CNc1nccc(-c2cccnc2Oc2ccc(NC(=O)c3ccccc3Nc3ccccc3)cc2)n1,6.0,5.379277187983195,0.9274075220487308,0.5063291139240507,0.6207228120168047
rf,2536,O=C(Nc1cccc(Nc2nccc(-c3cccnc3)n2)c1)C1CCCCC1,6.346787452697754,6.224137125074864,0.731900502378525,0.6491228070175439,0.12265032762288985
rf,2202,O=C(COc1cc(O)c2c(=O)cc(-c3ccccc3)oc2c1)Nc1ccc(Br)cn1,6.845184803009033,5.9045532090928825,0.5229691979566418,0.8032786885245902,0.9406315939161507
rf,408,CCNC(=O)Nc1nc2ccc(-c3cccc(C#N)c3)cc2[nH]1,6.020861625671387,6.964264004634378,0.5384099167645962,0.75,0.9434023789629915
rf,1337,Cc1ccc(C#Cc2ccccn2)cc1-c1ccc2nc(NC(=O)[C@@H]3C[C@@H]3F)sc2c1,6.764471530914307,8.138719218354943,0.5790149648212548,0.7164179104477612,1.3742476874406364
rf,677,CN1CCN(Cc2ccc(NC(=O)Nc3cc(C#Cc4cnc5cccnn45)n(C)n3)cc2C(F)(F)F)CC1,9.276420593261719,7.463668841353822,0.3423927660926358,0.7435897435897436,1.8127517519078964
rf,2517,O=C(Nc1ccc(SC(F)(F)F)c(F)c1)c1cnc(N2CC[C@@H](O)C2)c(-c2cncc(F)c2)c1,8.761439323425293,8.7441828583508,0.1120316988462891,0.8309859154929577,0.01725646507449241
rf,557,CCn1cc(-c2ccc3c(c2)ncn3-c2cc(OC)c(C(N)=O)c(OC)c2)cn1,8.229147911071777,6.926817539532979,0.522279869951029,0.8421052631578947,1.3023303715387984
rf,890,COc1cc2nccc(Oc3ccc4c(C(=O)NC5CC5)cccc4c3)c2cc1OC,6.331614017486572,6.676220391122095,0.9228049335918386,0.711864406779661,0.34460637363552316
rf,599,CN(C)S(=O)(=O)c1cccc(-c2ccc3c(c2)C(=O)Nc2cc(OC(F)(F)F)ccc2O3)c1,6.02918815612793,5.589573270714463,0.49062678507642615,0.7931034482758621,0.4396148854134667
rf,2223,O=C(NC1CCNCC1)c1n[nH]cc1NC(=O)c1c(Cl)cccc1Cl,5.0,5.255346748468611,1.1261621163244053,0.2564102564102564,0.25534674846861094
rf,2004,N#Cc1ccc(F)c(-c2cc(C(=O)Nc3ccc(OC(F)(F)Cl)cc3)cnc2N2CC[C@@H](O)C2)c1,9.154901504516602,9.073931475745306,0.24578068437854728,0.7777777777777778,0.08097002877129533
rf,2134,Nc1ncnc2c1c(-c1ccc(Br)c(O)c1)nn2C1CCC1,7.638272285461426,7.311769328117371,0.34254729785848836,0.9574468085106383,0.3265029573440552
rf,2400,O=C(Nc1ccc(OC(F)(F)F)cc1)c1cccc(-c2cnccn2)c1,8.508638381958008,7.9064564914221,0.7122161171884999,0.7358490566037735,0.602181890535908
rf,2459,O=C(Nc1ccc(OC(F)(F)F)cc1)c1cnc(N2CC[C@@H](O)C2)c(-c2ccc(F)nc2)c1,8.721848487854004,8.563784498865962,0.19212884027548766,0.84375,0.15806398898804197
rf,1560,Cc1ccc(NC(=O)c2ccc(CN3CCN(C)CC3)cc2)cc1Nc1nccc(-c2cncc(C3=NN=C(C(=O)N4CCCC4)C3)c2)n1,6.400116920471191,7.023399325571569,0.5581451863701322,0.8372093023255814,0.6232824051003778
rf,485,CCOc1ccc2cc(-c3nn(CC4CCN(C)CC4)c4ncnc(N)c34)ccc2c1,5.522878646850586,4.904726121545149,0.29001741174463375,0.8032786885245902,0.6181525253054367
rf,596,CN(C)Cc1c(F)cccc1-c1ccc2nc(NC(=O)[C@@H]3C[C@@H]3F)cn2c1,6.0,7.265084731968558,0.8005414493287227,0.8166666666666667,1.2650847319685576
rf,1616,Cc1ccc(NCc2ccc(/C=C/C(=O)NO)cc2)cc1Nc1nccc(-c2cccnc2)n1,5.098681449890137,5.570418992645233,0.8103082786880239,0.6493506493506493,0.47173754275509605
rf,650,CN1CCC(Nc2ccc(C(=O)Nc3cc(-c4ccc5c(c4)OCO5)n[nH]3)cc2)CC1,5.872895240783691,5.877910788758596,1.3278223629025692,0.43037974683544306,0.005015547974904777
rf,30,C=CC(=O)N1CCC[C@H]1C(=O)Nc1cc2c(Nc3cccc(Cl)c3F)ncnc2cc1OCCOC,6.301030158996582,5.735152862369385,1.0620177961282693,0.38,0.565877296627197
rf,432,CCNC(=O)Nc1nc2ccc(C(=O)Nc3ccncc3)cc2[nH]1,4.0,6.612676147133666,0.7635994691557728,0.6923076923076923,2.6126761471336657
rf,1621,Cc1ccc(O)cc1-c1ccc2nc(NC(=O)[C@@H]3C[C@@H]3F)cn2c1,8.0,8.000079911593032,0.38418565435556534,0.8490566037735849,7.99115930316674e-05
rf,1503,Cc1ccc(N)cc1Nc1nccc(-c2cccnc2)n1,5.823908805847168,5.5871741368690895,0.6728899093273571,0.6792452830188679,0.2367346689780785
rf,1995,N#Cc1cc(F)cc(-c2cc(C(=O)Nc3ccc(OC(F)(F)Cl)cc3)cnc2C2CC[C@@H](O)N2)c1,9.154901504516602,8.72923683793204,0.4100980820344189,0.5662650602409639,0.42566466658456115
rf,567,CN(C)C(=O)N1CCC(c2nc(-c3cc4ccccc4[nH]3)c3c(N)nccn23)CC1,5.0,5.90327951553507,1.0161802168708431,0.676056338028169,0.9032795155350701
rf,1313,Cc1ccc(-c2cc[nH]n2)cc1-c1ccc2nc(NC(=O)[C@@H]3C[C@@H]3F)cn2c1,8.0,8.046426791244437,0.5899566054417665,0.75,0.04642679124443738
rf,2184,O.O=C(Nc1ccc(OC(F)(F)Cl)cc1)c1cc(-c2cccnn2)c2c(c1)nc1n2CCC[C@H]1O,9.173925399780273,9.228776622704096,0.0807663195965949,0.7341772151898734,0.05485122292382272
rf,67,CC(=O)NCc1ccc(-c2ccc3c(c2)C(=O)Nc2cc(OC(F)(F)F)ccc2O3)s1,5.679230690002441,5.255641293990547,0.5171148185806048,0.7258064516129032,0.42358939601189416
rf,2694,c1csc(CNc2ccc3[nH]nc(-c4nc5cc(N6CCC(N7CCCCC7)CC6)ccc5[nH]4)c3c2)n1,8.0,6.808043681208628,0.8053968248702703,0.7671232876712328,1.1919563187913722
rf,433,CCNC(=O)Nc1nc2ccc(C(=O)c3cccs3)cc2[nH]1,7.635824203491211,6.701830134826237,0.793784371793481,0.603448275862069,0.9339940686649744
rf,462,CCOc1ccc(-c2n[nH]c3ncnc(N)c23)cc1OC,5.211124897003174,5.596932940143155,0.8583118871438601,0.7083333333333334,0.3858080431399813
rf,2604,O=C1Nc2cc(CO)ccc2Nc2ccc(-c3ccnc(N4CCOCC4)c3)cc21,6.9281182289123535,6.353845411638741,0.6885351453834303,0.7627118644067796,0.5742728172736129
rf,657,CN1CCN(CCCc2ccc(NC(=O)c3cc(-c4ccc5c(c4)OCO5)cnc3O)cc2)CC1,4.698969841003418,4.943947588148571,0.7353717565638345,0.9032258064516129,0.2449777471451533
rf,1746,Cc1ccsc1-c1ccc2nc(NC(=O)[C@@H]3C[C@@H]3F)sc2c1,8.102373123168945,7.93664865797448,0.27210419567609917,0.9795918367346939,0.16572446519446515
rf,2565,O=C(Nc1nc(-c2ccc(Cl)c(Cl)c2)cs1)c1c(F)cccc1F,6.549997329711914,6.291466676392102,0.8613809693819582,0.6458333333333334,0.25853065331981195
rf,1309,Cc1ccc(-c2cc(C(=O)Nc3ccc(OC(F)(F)F)cc3)cnc2NCCCO)cn1,8.522878646850586,7.960460692138073,0.3271446156458168,0.8125,0.5624179547125125
rf,1179,Cc1c(F)ccc(-c2ccc3nc(NC(=O)[C@@H]4C[C@@H]4F)cn3c2)c1C,8.0,7.988162666229502,0.09268267781644401,0.8679245283018868,0.011837333770498226
rf,1061,C[C@@H](C(F)F)n1cnc2cc(C(=O)Nc3ccc(OC(F)(F)Cl)cc3)cc(-c3ccn[nH]3)c21,9.06550121307373,9.457262524763744,0.1254897133984647,1.0,0.39176131169001316
rf,1957,Cn1nc(C(N)=O)c2c1-c1nc(NC3CCN(C(=O)c4ccccc4)CC3)ncc1CC2,5.0,5.236751900300561,0.8163209714956199,0.7903225806451613,0.23675190030056115
rf,857,COc1cc(-c2nn(CCN3CCC(N(C)C)CC3)c3ncnc(N)c23)ccc1NC(=O)CC(C)(C)C,5.5,6.268108631363622,0.600620249963679,0.8181818181818182,0.7681086313636216
rf,237,CC(C)n1nc(-c2ccc3[nH]c(=O)[nH]c3c2)c2c(N)ncnc21,5.07572078704834,5.475064158414199,0.7130222817333128,0.7222222222222222,0.39934337136585896
rf,1135,C[C@H](/C=C\C(F)(F)F)Oc1cc(-c2cc(-c3cc(CN(C)C)cs3)cnc2N)ccc1C(N)=O,5.954677104949951,5.661796268605047,1.3517393577397574,0.2830188679245283,0.2928808363449038
rf,1894,Cl.c1cc(Nc2ncnc3cc4c(cc23)OCCO4)cc(-c2ccc[nH]2)c1,5.0,5.837387511185371,1.2640596772478008,0.7307692307692307,0.837387511185371
rf,109,CC(=O)c1csc(-c2ccc3c(c2)C(=O)Nc2cc(OC(F)(F)F)ccc2O3)c1,5.479254722595215,5.479894089891241,0.678036102322005,0.6333333333333333,0.0006393672960260943
rf,2222,O=C(NC1=NN(c2ccc(Cl)c(Cl)c2)CC1CCO)c1ccncc1,6.899999141693115,6.445619078916218,0.6189804857271719,0.7894736842105263,0.454380062776897
rf,2518,O=C(Nc1ccc(SC(F)(F)F)c(F)c1)c1cnc(N2CC[C@@H](O)C2)c(-c2cncnc2)c1,9.2044677734375,8.790598988681628,0.2927588592711407,0.8169014084507042,0.41386878475587174
rf,2566,O=C(Nc1nc(-c2ccc(Cl)c(Cl)c2)cs1)c1cccnc1,6.549994468688965,6.244429178237915,0.6234113133907176,0.660377358490566,0.3055652904510495
rf,163,CC(C)Oc1cc(-n2cnc3ccc(N[C@@H](C)c4ccc(F)cn4)nc32)n[nH]1,8.920818328857422,5.533304710532527,0.8184773328122468,0.22448979591836735,3.3875136183248946
rf,1703,Cc1ccnc(-c2cncc(-c3ccnc(Nc4cc(NC(=O)c5ccc(CN6CCN(C)CC6)cc5)ccc4C)n3)c2)c1,7.4685211181640625,7.042603739853258,0.31899958327918554,0.8648648648648649,0.4259173783108041
rf,309,CC1(C)C(=O)N([C@H]2CCc3c(O)cccc32)c2nc(Nc3ccccc3)ncc21,5.937794208526611,5.757351503499656,1.2696023642802297,0.3118279569892473,0.18044270502695525
rf,252,CC(C)n1nc(-c2ccc3cc(OCc4ccccc4)ccc3c2)c2c(N)ncnc21,6.500312805175781,6.060139686365461,0.65656229521916,0.8392857142857143,0.4401731188103204
rf,2389,O=C(Nc1ccc(OC(F)(F)F)cc1)c1ccc(N2C[C@H](CO)[C@@H](O)C2)c(-c2cncs2)c1,9.090228080749512,8.493434437026322,0.171958505083391,0.875,0.5967936437231902
rf,678,CN1CCN(Cc2ccc(NC(=O)Nc3cc(C#Cc4cnc5cnccn45)n(C)n3)cc2C(F)(F)F)CC1,9.198969841003418,7.86204524035904,0.8725601117133279,0.7435897435897436,1.3369246006443776
rf,1356,Cc1ccc(C(=O)Nc2cc(-n3ccnc3CN(C)C)cc(C(F)(F)F)c2)cc1C#Cc1cnc2ccccn12,7.060739040374756,6.9961412166482875,0.6949185146267707,0.7108433734939759,0.06459782372646838
rf,1259,Cc1cc(Nc2ncc(C)c(N3CC(C4CC4)C3)n2)sn1,7.481485843658447,6.026885615034665,0.4630010688047571,0.6666666666666666,1.4546002286237822
rf,2116,Nc1nc(N)c2c(Nc3cccc(Cl)c3)[nH]nc2n1,6.387216091156006,5.497895016480696,0.7699559289469362,0.5660377358490566,0.8893210746753102
rf,781,COC(=O)c1cc2cc(NC(=O)c3c(C)cccc3Cl)cnc2[nH]1,7.552842140197754,6.896894775967926,0.8581575535172901,0.6551724137931034,0.6559473642298279
rf,1788,Cc1nc(-c2cc(C(=O)Nc3ccc(OC(F)(F)Cl)cc3)cc3nc4n(c23)[C@H](C)COC4)cs1,9.136676788330078,9.27536833079656,0.13599576993789145,0.8333333333333334,0.13869154246648208
rf,1911,Clc1cccc(Nc2nccc(-c3cccnc3)n2)c1,5.823908805847168,5.687457108689677,0.5056604563802352,0.7272727272727273,0.13645169715749095
rf,926,COc1ccc(-c2nn(C3CNC3)c3ncnc(N)c23)cc1O,5.397940158843994,6.242629001405504,0.6951275599281508,0.8571428571428571,0.84468884256151
rf,1599,Cc1ccc(NC(=O)c2cccc(C(F)(F)F)c2)cc1/C=C/n1cnc2c(NC3CC3)ncnc21,4.130768299102783,4.431913193861644,0.48851720795978654,0.8873239436619719,0.30114489475886064
rf,1477,Cc1ccc(C(=O)Nc2ccc(OC(F)(F)F)cc2)cc1-c1cccnc1,8.397939682006836,8.280341789491102,0.28956311279874797,0.8076923076923077,0.11759789251573416
rf,841,COc1cc(-c2n[nH]c3ncc(-c4ccc(C)c(N)c4)cc23)cc(OC)c1OC,6.644356727600098,7.193824574152629,0.3876744614728527,0.74,0.5494678465525311
rf,2144,Nc1ncnc2c1c(-c1ccc(Cl)c(O)c1)nn2[C@@H]1CCOC1,7.7695512771606445,7.817955079078675,0.6168675751623396,1.0,0.048403801918030176
rf,655,CN1CCN(C(=O)c2cccc(-c3ccc4c(c3)C(=O)Nc3cc(OC(F)(F)F)ccc3O4)c2)CC1,4.7292046546936035,5.517532088622833,0.5051301628249968,0.8307692307692308,0.7883274339292292
rf,2539,O=C(Nc1cccc(Nc2nccc(-c3cccnc3)n2)c1)c1ccccn1,5.4202165603637695,6.132953677237034,0.5946496223701269,0.7843137254901961,0.7127371168732646
rf,2275,O=C(Nc1ccc(OC(F)(F)Cl)cc1)c1cc(-c2cncnc2)c2c(c1)nc1n2CC[C@@H](O)C1,9.346787452697754,9.391256272523089,0.08711011641808758,1.0,0.044468819825334904
rf,435,CCNC(=O)Nc1nc2ccc(Oc3ccccc3Cl)cc2[nH]1,6.620875835418701,6.735653690761991,0.8300931602065809,0.6842105263157895,0.11477785534328966
rf,2136,Nc1ncnc2c1c(-c1ccc(Cl)c(O)c1)nn2C1CCC1,7.494850158691406,8.218780538241068,0.8607609422996796,0.9574468085106383,0.7239303795496621
rf,2409,O=C(Nc1ccc(OC(F)(F)F)cc1)c1cnc(C2CCOCC2)c(-c2cncnc2)c1,8.522878646850586,8.165128262577092,0.37335144830157674,0.7538461538461538,0.35775038427349415
rf,568,CN(C)C(=O)c1ccc(-c2cc(C(=O)Nc3ccc(OC(F)(F)Cl)cc3)cnc2N2CC[C@@H](O)C2)[nH]1,8.95860767364502,8.923570956729709,0.26023693044479396,0.7532467532467533,0.03503671691531096
rf,2157,Nc1ncnc2c1c(-c1ccc3[nH]c(=O)ccc3c1)nn2C1CCCC1,4.0,5.653625580462626,0.8406859103882443,0.6949152542372882,1.6536255804626263
rf,461,CCOc1cc(N2CCN(C)CC2)ccc1Nc1ncc2cc(-c3cccc(NC(=O)c4cccc(C(F)(F)F)c4)c3)c(=O)n(C[C@H]3CCCO3)c2n1,5.774690628051758,7.022651123827794,1.074864107902969,0.37606837606837606,1.2479604957760362
rf,2164,Nc1ncnc2c1c(-c1ccc3cc[nH]c3c1)nn2C1CCCC1,6.782516002655029,6.046002962614766,0.65708020582186,0.7142857142857143,0.7365130400402631
rf,1100,C[C@@H]1COCCN1c1nc(-c2cncc3[nH]ccc23)nc2c1ccn2S(C)(=O)=O,5.0,5.0481686996569515,0.9378034923287056,0.23655913978494625,0.048168699656951475
rf,157,CC(C)COc1ccc2cc(-c3nn(C(C)C)c4ncnc(N)c34)ccc2c1,5.938170909881592,5.851174723610033,0.23498436679355894,0.8235294117647058,0.08699618627155914
rf,2660,Oc1ccc(Nc2[nH]nc3ncnc(Nc4cccc(Cl)c4)c23)cc1,6.823908805847168,6.574816842469274,0.38180961339802216,0.8297872340425532,0.24909196337789385
rf,1598,Cc1ccc(NC(=O)c2ccc3ccccc3c2)cc1Nc1nccc(-c2cccnc2)n1,6.698969841003418,5.938591379801432,0.6607840492157062,0.8275862068965517,0.7603784612019862
rf,1146,C[C@H](CF)n1cnc2cc(C(=O)Nc3ccc(OC(F)(F)Cl)cc3)cc(-c3cncnc3)c21,9.366531372070312,9.323993451840995,0.03771889226751982,1.0,0.042537920229317905
rf,1647,Cc1cccc(C)c1-c1ccc2nc(NC(=O)[C@@H]3C[C@@H]3F)cn2c1,8.0,7.982944078953131,0.0924052569286456,0.9019607843137255,0.017055921046869038
rf,1357,Cc1ccc(C(=O)Nc2cc(-n3cnc(-c4ccccc4)c3)cc(C(F)(F)F)c2)cc1C#Cc1cnc2cccnn12,6.183164596557617,6.844715538075569,0.7530138539030256,0.8441558441558441,0.6615509415179517
rf,605,CN(C)c1ccc(C(=O)Nc2cccc(NC(=O)COc3ccc4c(=O)ccoc4c3)c2)cc1,5.0,5.688848129908243,1.0477461099948584,0.375,0.6888481299082434
rf,1967,N#CC(Cc1ccc(O)c(O)c1)C(=N)S,4.0,5.4870463352983885,1.1116701178312756,0.17391304347826086,1.4870463352983885
rf,532,CCc1ccc(C(=O)Nc2ccc(CN3CCN(C)CC3)c(C(F)(F)F)c2)cc1C#Cc1cnc2[nH]ncc2c1,8.671893119812012,8.829687219656515,0.754471665541643,0.8767123287671232,0.15779409984450332
rf,1606,Cc1ccc(NC(=O)c2cccc(C(F)(F)F)c2)cc1C(=O)Nc1cnc(Nc2ccc(N3CCN(C)CC3)cc2)nc1,8.698969841003418,6.8660093734454195,0.7265572453770819,0.6119402985074627,1.8329604675579985
rf,100,CC(=O)c1c(C)c2cnc(Nc3ccc(N4CCNCC4)cn3)nc2n(C2CCCC2)c1=O,5.0,6.089053270036359,1.3035801523834472,0.4,1.0890532700363593
rf,315,CC1(O)CCN(c2ncc(C(=O)Nc3ccc(OC(F)(F)Cl)cc3)cc2-c2ccn[nH]2)C1,9.548455238342285,9.121149406239269,0.22685582116559236,1.0,0.4273058321030163
rf,1825,Cc1nc2cc(C(=O)Nc3ccc(OC(F)(F)Cl)cc3)cc(-c3cncnc3)c2n1C1CC1,9.522878646850586,9.396781991003664,0.1489093504618126,0.7878787878787878,0.1260966558469221
rf,1883,Cc1sc(C(=O)N[C@@H]2[C@H](N)CCCC2(F)F)cc1-c1cnn2cc(Cl)cnc12,5.040958404541016,6.320903428249462,1.488752200973161,0.42168674698795183,1.2799450237084464
rf,662,CN1CCN(C[C@@H](NC(=O)C[C@H]2CNC(=O)c3cc(-c4cccc(Cl)c4)cn32)C2CCCCC2)CC1,5.0,5.212713181034855,0.6818179732119791,0.4235294117647059,0.2127131810348546
rf,518,CCc1ccc(C(=O)Nc2cc(CN3CCN(C)CC3)cc(C(F)(F)F)c2)cc1C#Cc1ccco1,5.0,5.768626678784688,1.0571198655583136,0.7671232876712328,0.7686266787846883
rf,923,COc1ccc(-c2nn(C3CCC3)c3ncnc(N)c23)cc1OC,6.4685211181640625,5.862514260300358,0.4990881685891372,0.9574468085106383,0.6060068578637043
rf,261,CC(C)n1nc(-c2ccc3nc(NN)ccc3c2)c2c(N)ncnc21,5.522878646850586,5.666794182328092,0.48397619025028826,0.7692307692307693,0.14391553547750568
rf,1103,C[C@@H]1COCc2nc3cc(C(=O)Nc4ccc(OC(F)(F)Cl)cc4)cc(-c4cc(C#N)n[nH]4)c3n21,9.229147911071777,9.260494572321575,0.20366491348892757,0.8024691358024691,0.031346661249797236
rf,1614,Cc1ccc(NC(O)c2ccc(CN3CC(N(C)C)C3)c(C(F)(F)F)c2)cc1Nc1nccc(-c2cncnc2)n1.Cl,6.853871822357178,5.704210287093189,0.8805939857088708,0.6739130434782609,1.1496615352639887
rf,1701,Cc1ccn(-c2ccc(-c3ncco3)cc2)c(=O)c1-c1ccc2nc(N)ncc2c1,4.602059841156006,5.738619378588679,0.8127105257200717,0.625,1.1365595374326736
rf,785,COC(=O)c1cc2cc(NC(=O)c3ccc4[nH]ccc4c3)cnc2[nH]1,5.494036674499512,6.544681749579642,0.8005526591823748,0.5901639344262295,1.05064507508013
rf,1338,Cc1ccc(C#N)cc1-c1ccc2nc(NC(=O)[C@@H]3C[C@@H]3F)cn2c1,8.0,7.901323956192969,0.499533963476145,0.7894736842105263,0.0986760438070311
rf,2165,Nc1ncnc2c1c(-c1ccc3cn[nH]c3c1)nn2C1CCCC1,6.853871822357178,6.160608817319055,0.5236049212108671,0.8490566037735849,0.6932630050381228
rf,179,CC(C)n1c(C(F)F)nc2cc(C(=O)Nc3ccc(OC(F)(F)Cl)cc3)cc(-c3cccnn3)c21,9.275724411010742,9.182544209162394,0.12051583108726668,0.8840579710144928,0.09318020184834808
rf,322,CC1(O)CN(c2ncc(C(=O)Nc3ccc(OC(F)(F)F)cc3)cc2-c2cncc(F)c2)C1,8.673394203186035,8.6130002267332,0.11971292468668387,0.8412698412698413,0.06039397645283451
rf,1795,Cc1nc(NCCNCC(=O)NO)cc(Nc2ncc(C(=O)Nc3c(C)cccc3Cl)s2)n1,7.0,7.008247570073163,0.5108589860394833,0.8194444444444444,0.008247570073162791
rf,838,COc1cc(-c2cnc3cc(OCCN4CCOCC4)ccn23)cc2c1C(=O)N(CC(F)(F)F)CC2,5.960586071014404,6.271178036015102,1.299439367435228,0.31,0.31059196500069763
rf,456,CCOCc1nc2c(c(C)nn2-c2ccccc2)c(=O)n1CC#N,4.0,4.20247126420339,0.2893423111993509,0.8113207547169812,0.2024712642033899
rf,1971,N#CCC(=O)Nc1cc(-c2ccc(Cl)c(Cl)c2)cs1,5.449999809265137,5.3413462323481005,0.87749985185502,0.6458333333333334,0.10865357691703625
rf,1601,Cc1ccc(NC(=O)c2cccc(C(F)(F)F)c2)cc1/C=C/n1cnc2c(Nc3ccc(P(C)(C)=O)cc3)ncnc21,5.2441253662109375,4.534616001447042,0.39457650224782725,0.7945205479452054,0.7095093647638953
rf,257,CC(C)n1nc(-c2ccc3cn[nH]c3c2)c2c(N)ncnc21,6.958607196807861,6.170109593653681,0.6372223577073041,0.84,0.7884976031541804
rf,788,COC(=O)c1cc2cc(NC(=O)c3ccccc3C)cnc2[nH]1,7.522878646850586,6.929511968691059,0.8484406051611777,0.78,0.5933666781595273
rf,727,CNC(=O)c1cc(Oc2ccc3nc(Nc4cccc(C(C)(C)C)c4)ncc3c2)ccn1,6.0,6.211981099870702,0.875335475445746,0.7619047619047619,0.21198109987070168
rf,1864,Cc1nn(-c2ccccc2)c2nc(CNc3ccccc3)n(C)c(=O)c12,4.301030158996582,4.3481796360015865,0.2408411631281356,0.7083333333333334,0.04714947700500449
rf,1594,Cc1ccc(NC(=O)c2ccc3c(c2)CCC3N2CCN(CCO)CC2)cc1Nc1nccc(-c2cccnc2)n1,7.92081880569458,7.879136493540069,0.8407365820279264,0.8734177215189873,0.0416823121545109
rf,741,CNS(=O)(=O)c1cccc(-c2ccc3c(c2)C(=O)Nc2cc(OC(F)(F)F)ccc2O3)c1,6.079354763031006,5.675798193079407,0.4949257733399196,0.7796610169491526,0.40355656995159883
rf,764,CNc1ncc2cc(-c3cc(F)ccc3F)c(=O)n(CCCCN)c2n1,4.551293849945068,6.586987040712149,1.353603101346563,0.38028169014084506,2.0356931907670806
rf,480,CCOc1ccc2cc(-c3nn(C(C)(C)C)c4ncnc(N)c34)ccc2c1,5.094743728637695,5.4001380925539815,0.4553847605787702,0.8,0.30539436391628616
rf,676,CN1CCN(Cc2ccc(NC(=O)Nc3cc(C#Cc4cnc5ccccn45)n(C)n3)cc2C(F)(F)F)CC1,6.522878646850586,7.678812666968415,0.5932722033748895,0.7088607594936709,1.1559340201178294
rf,2190,O=C(/C=C/c1ccc(C(=O)Nc2cccc(Nc3ncc(-c4cccnc4)s3)c2)cc1)NO,5.372363567352295,5.323528736432394,0.7420322072484503,0.7931034482758621,0.04883483091990115
rf,858,COc1cc(-c2nn(CCN3CCC(N(C)C)CC3)c3ncnc(N)c23)ccc1NC(=O)NC(C)(C)C,5.512514114379883,6.152120900277739,0.6497318645546364,0.8181818181818182,0.6396067858978558
rf,2685,c1ccc(COc2ccc3c(-c4nc5cc(N6CCC(N7CCCCC7)CC6)ccc5[nH]4)[nH]nc3c2)cc1,6.698969841003418,6.742068035886401,1.1052469509583431,0.7638888888888888,0.043098194882983165
rf,2171,Nc1ncnc2c1c(-c1cccc(O)c1F)nn2C1CCCC1,7.200659275054932,7.259454731941223,0.8987386377361951,0.6428571428571429,0.0587954568862914
rf,1376,Cc1ccc(C(=O)Nc2cc(N(C)CCN(C)C)cc(C(F)(F)F)c2)cc1Nc1cc(-c2cccnc2)ccn1,6.718285083770752,6.373541000684102,0.5811823001033268,0.6790123456790124,0.34474408308664994
rf,2102,Nc1cccc(Nc2nccc(-c3ccncc3)n2)c1,6.221848964691162,4.710768948191099,0.8577407528976062,0.7619047619047619,1.5110800165000633
rf,1694,Cc1ccccc1-c1ccc2nc(NC(=O)[C@@H]3C[C@@H]3F)cn2c1,8.0,7.984025400151353,0.2074217747032389,0.7924528301886793,0.01597459984864713
rf,1550,Cc1ccc(NC(=O)c2ccc(CN3CCN(C)CC3)cc2)cc1Nc1nccc(-c2cccnc2)n1,6.096909999847412,6.731269786433568,0.5275283880883692,0.8115942028985508,0.6343597865861561
rf,1792,Cc1nc(NC(=O)c2ccc(C)c(C#Cc3cnc4cccnn34)c2)cc(N2CCN(CCO)CC2)n1,5.5,7.392621927858058,1.0911747440487618,0.6144578313253012,1.892621927858058
rf,1378,Cc1ccc(C(=O)Nc2cc(N3CCN(C)CC3)cc(C(F)(F)F)c2)cc1C#Cc1cnc2cccnn12,7.351667404174805,6.967987073313352,0.5992026300946202,0.7468354430379747,0.3836803308614529
rf,247,CC(C)n1nc(-c2ccc3cc(O)ccc3c2)c2c(N)ncnc21,7.2441253662109375,6.6830080705592,0.8501942114522841,0.7872340425531915,0.5611172956517372
rf,2312,O=C(Nc1ccc(OC(F)(F)Cl)cc1)c1cccc(-c2cncnc2)c1,8.022275924682617,8.640966566403707,0.8074652953099961,0.8333333333333334,0.6186906417210896
rf,1729,Cc1ccncc1-c1ccc2nc(NC(=O)[C@@H]3C[C@@H]3F)sc2c1,8.387216567993164,6.698727419431335,1.1040746986827399,1.0,1.6884891485618292
rf,347,CCCNc1ccc2ncc(-c3ccc4[nH]ncc4c3)n2n1,6.79048490524292,5.883300908316246,0.7332066355962851,0.34782608695652173,0.9071839969266735
rf,2289,O=C(Nc1ccc(OC(F)(F)Cl)cc1)c1cc(-c2cncnc2)c2c(c1)ncn2C1CC[C@H]1O,9.214670181274414,9.3071677768402,0.13092505042508246,0.8235294117647058,0.09249759556578674
rf,1877,Cc1nn(C)c2nnc(Nc3ccc(S(=O)(=O)NCCO)cc3)nc12,4.408935546875,4.6246491486147825,0.3284028701532163,0.8076923076923077,0.2157136017397825
rf,1370,Cc1ccc(C(=O)Nc2cc(C(F)(F)F)ccn2)cc1C#Cn1cnc2c(NC3CC3)ncnc21,6.901773929595947,5.202514653117569,1.2586117281030982,0.6875,1.6992592764783785
rf,2655,OC1(c2nc(-c3ccc(F)cc3)c(-c3ccnc(NC4CCCCC4)c3)o2)CCNCC1,5.0,5.328544017826975,0.7093731346547173,0.29545454545454547,0.3285440178269754
rf,2028,N#Cc1ncc(F)cc1-c1cc(C(=O)Nc2ccc(OC(F)(F)Cl)cc2)cnc1N1CC[C@@H](O)C1,9.301030158996582,8.815420757929484,0.19597773238988642,0.8285714285714286,0.48560940106709793
rf,1380,Cc1ccc(C(=O)Nc2cc(N3CCOCC3)cc(C(F)(F)F)c2)cc1/C=C/n1cnc2c(NC3CC3)ncnc21,4.721848964691162,5.712485170894198,0.9850610251817454,0.7674418604651163,0.9906362062030363
rf,445,CCNC(=O)c1c(OC)cc(-n2cnc3cc(-c4cnn(CCOC)c4)ccc32)cc1OC,6.890421390533447,6.606126499176026,0.4912295271476445,0.873015873015873,0.2842948913574217
rf,964,COc1ccc2c(Oc3ccc(NC(=O)c4c(C)n(CC(C)(C)O)n(-c5ccccc5)c4=O)nc3)ccnc2c1,6.0,6.622613903999328,1.159516973802241,0.3263157894736842,0.6226139039993281
rf,746,CN[C@@H]1CC2OC([C@@H]1OC)n1c3ccccc3c3c4c(c5c6ccccc6n2c5c31)C(=O)NC4,6.791274547576904,6.343052736397675,1.3466785778917334,0.6527777777777778,0.4482218111792289
rf,1091,C[C@@H]1CCOc2nc3cc(C(=O)Nc4ccc(OC(F)(F)Cl)cc4)cc(-c4cncnc4)c3n21,9.522878646850586,9.403211586740282,0.12393023501837028,0.8243243243243243,0.11966706011030404
rf,937,COc1ccc(C(=O)Nc2cc(-n3cnc(C)c3)cc(C(F)(F)F)c2)cc1C#Cc1cnc2cccnn12,6.6927490234375,7.096985884507498,0.6297581997727462,0.8441558441558441,0.40423686106999757
rf,1266,Cc1cc(Nc2ncc(C)c(N3CC(O)(C4CC4)C3)n2)sn1,7.096909999847412,5.978996161595646,1.0308205278819254,0.5901639344262295,1.1179138382517664
