task,split,method,r2_mean,r2_std,n_seeds,delta_vs_st_rf
egfr_full,random,st_rf,0.7592274824973815,0.0,1,0.0
egfr_full,random,st_gin,0.7065365513165792,0.005619883303881796,3,-0.05269093118080226
egfr_full,random,pooled_st,0.5349607928767853,0.0506743483944448,3,-0.22426668962059615
egfr_full,random,mt_gin,0.5298825630978495,0.033092326295107624,3,-0.22934491939953194
egfr_full,scaffold,st_rf,0.5925707030729936,0.0,1,0.0
egfr_full,scaffold,st_gin,0.5576347708702087,0.010306132698346973,3,-0.0349359322027849
egfr_full,scaffold,pooled_st,0.45132081515734246,0.026992877800142017,3,-0.14124988791565118
egfr_full,scaffold,mt_gin,0.3560891800318661,0.07805746955241652,3,-0.23648152304112752
abl1,random,st_rf,0.7916182497893267,0.0,1,0.0
abl1,random,st_gin,0.7524681289990743,0.0064883047868446,3,-0.039150120790252374
abl1,random,pooled_st,0.6383668120727467,0.059980351728489416,3,-0.15325143771658
abl1,random,mt_gin,0.6248559005090292,0.03493534319331747,3,-0.16676234928029754
abl1,scaffold,st_rf,0.7230727583557359,0.0,1,0.0
abl1,scaffold,st_gin,0.7095979253451029,0.03722293316151918,3,-0.013474833010633014
abl1,scaffold,pooled_st,0.5536355900789123,0.07220097713653628,3,-0.16943716827682365
abl1,scaffold,mt_gin,0.6142458053544416,0.032347555051862535,3,-0.1088269530012943
mapk14,random,st_rf,0.7361120175301052,0.0,1,0.0
mapk14,random,st_gin,0.67828369140625,0.007001407095024014,3,-0.057828326123855245
mapk14,random,pooled_st,0.19469599382575456,0.023049749088121546,3,-0.5414160237043507
mapk14,random,mt_gin,0.5540655666651082,0.031317110127933694,3,-0.18204645086499704
mapk14,scaffold,st_rf,0.6169340254856632,0.0,1,0.0
mapk14,scaffold,st_gin,0.6113519072532654,0.023773568243992564,3,-0.005582118232397848
mapk14,scaffold,pooled_st,0.18207862737282057,0.1596076619304049,3,-0.4348553981128427
mapk14,scaffold,mt_gin,0.5380766947992178,0.019668803734545638,3,-0.0788573306864454
