tag,split,rf_r2,afp_r2_mean,afp_r2_std,afp_n_seeds,d_r2_mean,ci_lo,ci_hi,significant,note
a2a,random,0.7330228674390891,0.6428535977999369,0.01621095441931697,3,-0.09016926963915217,-0.1026093250378439,-0.0191664042152264,True,"paired bootstrap mean3, B=10000"
a2a,scaffold,0.6914480375001656,0.663007656733195,0.029012383629906883,3,-0.02844038076697064,-0.0345632148375226,0.0496730265097951,False,"paired bootstrap mean3, B=10000"
abl1,random,0.7916182497893267,0.6882712642351786,0.01975318294556249,3,-0.10334698555414812,-0.1009351627134657,-0.0291292496447141,True,"paired bootstrap mean3, B=10000"
abl1,scaffold,0.7230727583557359,0.5737359126408895,0.0327975355048821,3,-0.1493368457148464,-0.1871614402951388,-0.0517090934830764,True,"paired bootstrap mean3, B=10000"
egfr,random,0.7466362476524925,0.6743942499160767,0.01151236293810002,3,-0.07224199773641582,-0.0460820994959279,-0.005849487640433,True,"paired bootstrap mean3, B=10000"
egfr,scaffold,0.5623997366302019,0.48431358734766644,0.040739798095048456,3,-0.07808614928253549,-0.0395267887001188,0.0358278515713339,False,"paired bootstrap mean3, B=10000"
egfr_full,random,0.7592274824973815,0.6872683962186178,0.012761101829193624,3,-0.07195908627876368,-0.0379584809533352,-0.0099050133433518,True,"paired bootstrap mean3, B=10000"
egfr_full,scaffold,0.5925707030729936,0.49197957913080853,0.0119527733161206,3,-0.10059112394218511,-0.039595397365703,0.0064012148032155,False,"paired bootstrap mean3, B=10000"
herg,random,0.615284609001729,0.5822433431943258,0.005837887786825757,3,-0.033041265807403186,-0.0223078464089613,0.0532281316694552,False,"paired bootstrap mean3, B=10000"
herg,scaffold,0.4296431581428036,0.44304221868515015,0.04021056826991683,3,0.01339906054234652,0.0348882120038527,0.091591954819371,True,"paired bootstrap mean3, B=10000"
hivpr,random,0.737228755910103,0.7107828458150228,0.0188038501318596,3,-0.026445910095080127,-0.026355871762799,0.0520996595189601,False,"paired bootstrap mean3, B=10000"
hivpr,scaffold,0.5542085824811576,0.3149680296579997,0.04457151712844483,3,-0.23924055282315787,-0.2748486348959766,-0.1193643458066833,True,"paired bootstrap mean3, B=10000"
mpro,random,0.7302308387332521,0.6619747281074524,0.01722713654211124,3,-0.06825611062579973,-0.0494655661132412,0.0146381212260268,False,"paired bootstrap mean3, B=10000"
mpro,scaffold,0.5093452378269271,0.37488478422164917,0.02160542463585743,3,-0.13446045360527792,-0.1017973520921598,-0.0268850458436001,True,"paired bootstrap mean3, B=10000"
vegfr2,random,0.7361120175301052,0.6698278586069742,0.0036419092547237343,3,-0.066284158923131,-0.0306173379203853,0.00484297028033,False,"paired bootstrap mean3, B=10000"
vegfr2,scaffold,0.6169340254856632,0.5164918700853983,0.05748073731934876,3,-0.10044215540026491,-0.044921558767581,-0.0041994023311856,True,"paired bootstrap mean3, B=10000"
