smiles,scaffold,y_true,err_rf,err_gin,worst_rf,worst_gin
CC(=O)N[C@@H]1CCN(C(=O)c2nc(NCc3cncc(F)c3)nc3ccsc23)C1,O=C(c1nc(NCc2cccnc2)nc2ccsc12)N1CCCC1,6.301030158996582,0.2755712780504398,0.30194568634033203,0,0
CC(=O)N[C@@H]1CCN(C(=O)c2nc(N[C@@H](C)c3cccnc3)nc3ccsc23)C1,O=C(c1nc(NCc2cccnc2)nc2ccsc12)N1CCCC1,6.301030158996582,0.4625134949490235,0.31380510330200195,0,0
CC(=O)N[C@@H]1CCN(C(=O)c2nc(N[C@@H](C)c3cncc(F)c3)nc3cc(C)sc23)C1,O=C(c1nc(NCc2cccnc2)nc2ccsc12)N1CCCC1,6.301030158996582,0.6732057512359662,0.4676785469055176,0,0
CC(=O)N[C@@H]1CCN(C(=O)c2nc(N[C@@H](C)c3cncc(F)c3)nc3ccsc23)C1,O=C(c1nc(NCc2cccnc2)nc2ccsc12)N1CCCC1,6.301030158996582,0.6668648668550103,0.42291975021362305,0,0
CC(=O)N[C@H]1CCN(C(=O)c2nc(NCc3cncc(F)c3)nc3ccsc23)C1,O=C(c1nc(NCc2cccnc2)nc2ccsc12)N1CCCC1,6.301030158996582,0.2755712780504398,0.4944648742675781,0,0
CC(=O)N[C@H]1CCN(C(=O)c2nc(N[C@@H](C)c3cccnc3)nc3ccsc23)C1,O=C(c1nc(NCc2cccnc2)nc2ccsc12)N1CCCC1,6.301030158996582,0.4625134949490235,0.4647512435913086,0,0
CC(=O)N[C@H]1CCN(C(=O)c2nc(N[C@@H](C)c3cncc(F)c3)nc3cc(C)sc23)C1,O=C(c1nc(NCc2cccnc2)nc2ccsc12)N1CCCC1,6.301030158996582,0.6732057512359662,0.6327557563781738,0,0
CC(=O)N[C@H]1CCN(C(=O)c2nc(N[C@@H](C)c3cncc(F)c3)nc3ccsc23)C1,O=C(c1nc(NCc2cccnc2)nc2ccsc12)N1CCCC1,6.522878646850586,0.44501637900100643,0.35835886001586914,0,0
CC(C)(C)C(=O)N[C@H]1CCN(C(=O)c2nc(NCc3cncc(F)c3)nc3ccsc23)C1,O=C(c1nc(NCc2cccnc2)nc2ccsc12)N1CCCC1,7.12493896484375,0.545907211735595,0.449434757232666,0,0
CC(C)(C)OC(=O)N[C@@H]1CCN(C(=O)c2nc(NCc3cncc(F)c3)nc3ccsc23)C1,O=C(c1nc(NCc2cccnc2)nc2ccsc12)N1CCCC1,6.522878646850586,0.026390359163038113,0.06390237808227539,0,0
CC(C)(C)OC(=O)N[C@H]1CCN(C(=O)c2nc(NCc3cncc(F)c3)nc3ccsc23)C1,O=C(c1nc(NCc2cccnc2)nc2ccsc12)N1CCCC1,6.522878646850586,0.026390359163038113,0.08598756790161133,0,0
CC(C)(Nc1nc(C(=O)N2CCCC2)c2sccc2n1)c1cccnc1,O=C(c1nc(NCc2cccnc2)nc2ccsc12)N1CCCC1,6.301030158996582,0.11118628848610168,0.34705543518066406,0,0
CC(Nc1nc(C(=O)N2CCCC2)c2sccc2n1)c1cccnc1,O=C(c1nc(NCc2cccnc2)nc2ccsc12)N1CCCC1,5.629487037658691,0.7894300287562519,0.9116144180297852,1,1
CC(Nc1nc(C(=O)N2CC[C@@H](F)C2)c2sccc2n1)c1cccnc1,O=C(c1nc(NCc2cccnc2)nc2ccsc12)N1CCCC1,6.522878646850586,0.09599878194475409,0.1130518913269043,0,0
CCC(Nc1nc(C(=O)N2CCCC2)c2sccc2n1)c1cccnc1,O=C(c1nc(NCc2cccnc2)nc2ccsc12)N1CCCC1,6.522878646850586,0.1324920451556375,0.07026147842407227,0,0
CCC(Nc1nc(C(=O)N2CC[C@@H](OC)C2)c2sccc2n1)c1cccnc1,O=C(c1nc(NCc2cccnc2)nc2ccsc12)N1CCCC1,7.12493896484375,0.6485295538319749,0.5664310455322266,0,0
CCNC(=O)C1CCN(C(=O)c2nc(N[C@@H](C)c3cncc(F)c3)nc3ccsc23)C1,O=C(c1nc(NCc2cccnc2)nc2ccsc12)N1CCCC1,6.522878646850586,0.4951586064883795,0.6180744171142578,0,0
CCc1cc2nc(N[C@@H](C)c3cccnc3)nc(C(=O)N3CCCC3)c2s1,O=C(c1nc(NCc2cccnc2)nc2ccsc12)N1CCCC1,6.301030158996582,0.0226185891155275,0.30104637145996094,0,0
CN[C@@H]1CCN(C(=O)c2nc(N[C@@H](C)c3cncc(F)c3)nc3cc(C)sc23)C1,O=C(c1nc(NCc2cccnc2)nc2ccsc12)N1CCCC1,6.301030158996582,0.6084458864920048,0.21596384048461914,0,0
CN[C@H]1CCN(C(=O)c2nc(N[C@@H](C)c3cncc(F)c3)nc3cc(C)sc23)C1,O=C(c1nc(NCc2cccnc2)nc2ccsc12)N1CCCC1,6.301030158996582,0.6084458864920048,0.31670236587524414,0,0
CNc1cc2nc(N[C@@H](C)c3cccnc3)nc(C(=O)N3CCC(O)C3)c2s1,O=C(c1nc(NCc2cccnc2)nc2ccsc12)N1CCCC1,6.301030158996582,0.11412833394589139,0.20203495025634766,0,0
CNc1cc2nc(N[C@@H](C)c3cccnc3)nc(C(=O)N3CCCC3)c2s1,O=C(c1nc(NCc2cccnc2)nc2ccsc12)N1CCCC1,6.522878646850586,0.09530338977945707,0.009003162384033203,0,0
CNc1cc2nc(N[C@@H](C)c3cccnc3)nc(C(=O)N3CC[C@@H](F)C3)c2s1,O=C(c1nc(NCc2cccnc2)nc2ccsc12)N1CCCC1,6.522878646850586,0.08689798391570758,0.09528779983520508,0,0
CNc1cc2nc(N[C@@H](C)c3cccnc3)nc(C(=O)N3CC[C@H](F)C3)c2s1,O=C(c1nc(NCc2cccnc2)nc2ccsc12)N1CCCC1,6.522878646850586,0.08689798391570758,0.028586387634277344,0,0
CNc1cc2nc(N[C@@H](C)c3cccnc3)nc(C(=O)N3CC[C@H](O)C3)c2s1,O=C(c1nc(NCc2cccnc2)nc2ccsc12)N1CCCC1,6.301030158996582,0.11412833394589139,0.21192169189453125,0,0
CNc1cc2nc(N[C@@H](C)c3cncc(F)c3)nc(C(=O)N3CCCC3)c2s1,O=C(c1nc(NCc2cccnc2)nc2ccsc12)N1CCCC1,6.522878646850586,0.041199799729261244,0.12270355224609375,0,0
CNc1cc2nc(N[C@@H](C)c3cncc(F)c3)nc(C(=O)N3CC[C@@H](O)C3)c2s1,O=C(c1nc(NCc2cccnc2)nc2ccsc12)N1CCCC1,6.301030158996582,0.17393153909793035,0.3828744888305664,0,0
CNc1cc2nc(N[C@@H](C)c3cncc(F)c3)nc(C(=O)N3CC[C@H](O)C3)c2s1,O=C(c1nc(NCc2cccnc2)nc2ccsc12)N1CCCC1,6.301030158996582,0.17393153909793035,0.32961225509643555,0,0
COCC(Nc1nc(C(=O)N2CCCC2)c2sccc2n1)c1cccnc1,O=C(c1nc(NCc2cccnc2)nc2ccsc12)N1CCCC1,6.522878646850586,0.1046192869503697,0.11434030532836914,0,0
COCC(Nc1nc(C(=O)N2CC[C@H](O)C2)c2sccc2n1)c1cccnc1,O=C(c1nc(NCc2cccnc2)nc2ccsc12)N1CCCC1,6.301030158996582,0.13621882783384454,0.045617103576660156,0,0
CO[C@@H]1CCN(C(=O)c2nc(N[C@@H](C)c3cccnc3)nc3cc(C)sc23)C1,O=C(c1nc(NCc2cccnc2)nc2ccsc12)N1CCCC1,7.12493896484375,0.5391146318485864,0.5296592712402344,0,0
CO[C@@H]1CCN(C(=O)c2nc(N[C@@H](C)c3cccnc3)nc3ccsc23)C1,O=C(c1nc(NCc2cccnc2)nc2ccsc12)N1CCCC1,7.323908805847168,0.8465117170836107,0.780421257019043,1,1
CO[C@@H]1CCN(C(=O)c2nc(N[C@@H](C)c3cncc(Cl)c3)nc3ccsc23)C1,O=C(c1nc(NCc2cccnc2)nc2ccsc12)N1CCCC1,6.522878646850586,0.011994322996829787,0.10650920867919922,0,0
CO[C@@H]1CCN(C(=O)c2nc(N[C@@H](C)c3cncc(F)c3)nc3cc(C)sc23)C1,O=C(c1nc(NCc2cccnc2)nc2ccsc12)N1CCCC1,7.12493896484375,0.5056935389552528,0.39467620849609375,0,0
CO[C@@H]1CCN(C(=O)c2nc(N[C@@H](C)c3cncc(F)c3)nc3ccsc23)C1,O=C(c1nc(NCc2cccnc2)nc2ccsc12)N1CCCC1,6.522878646850586,0.010424927556122121,0.15508747100830078,0,0
CO[C@H]1CCN(C(=O)c2nc(N[C@@H](C)c3cccnc3)nc3cc(C)sc23)C1,O=C(c1nc(NCc2cccnc2)nc2ccsc12)N1CCCC1,6.522878646850586,0.06294568614457763,0.14905452728271484,0,0
CO[C@H]1CCN(C(=O)c2nc(N[C@@H](C)c3cccnc3)nc3ccsc23)C1,O=C(c1nc(NCc2cccnc2)nc2ccsc12)N1CCCC1,7.12493896484375,0.6475418760801928,0.5150866508483887,0,0
CO[C@H]1CCN(C(=O)c2nc(N[C@@H](C)c3cncc(Cl)c3)nc3ccsc23)C1,O=C(c1nc(NCc2cccnc2)nc2ccsc12)N1CCCC1,6.522878646850586,0.011994322996829787,0.006246089935302734,0,0
CO[C@H]1CCN(C(=O)c2nc(N[C@@H](C)c3cncc(F)c3)nc3cc(C)sc23)C1,O=C(c1nc(NCc2cccnc2)nc2ccsc12)N1CCCC1,6.522878646850586,0.09636677903791124,0.27425622940063477,0,0
CO[C@H]1CCN(C(=O)c2nc(N[C@@H](C)c3cncc(F)c3)nc3ccsc23)C1,O=C(c1nc(NCc2cccnc2)nc2ccsc12)N1CCCC1,6.522878646850586,0.010424927556122121,0.22211503982543945,0,0
COc1ccc(CNc2nc(C(=O)N3CCCC3)c3sccc3n2)cn1,O=C(c1nc(NCc2cccnc2)nc2ccsc12)N1CCCC1,7.12493896484375,0.5325942004950548,0.46915626525878906,0,0
COc1cncc(CNc2nc(C(=O)N3CCCC3)c3sccc3n2)c1,O=C(c1nc(NCc2cccnc2)nc2ccsc12)N1CCCC1,6.301030158996582,0.06945184542772331,0.18005084991455078,0,0
CS(=O)(=O)[C@@H]1CCN(C(=O)c2nc(NCc3cncc(F)c3)nc3ccsc23)C1,O=C(c1nc(NCc2cccnc2)nc2ccsc12)N1CCCC1,6.301030158996582,0.08283941293473251,0.14452123641967773,0,0
C[C@@H](Nc1nc(C(=O)N2CCCC2)c2sccc2n1)c1cccnc1,O=C(c1nc(NCc2cccnc2)nc2ccsc12)N1CCCC1,5.170053482055664,1.2488635843592792,1.3542909622192383,1,1
C[C@@H]1CCN(C(=O)c2nc(N[C@@H](C)c3cccnc3)nc3ccsc23)C1,O=C(c1nc(NCc2cccnc2)nc2ccsc12)N1CCCC1,6.522878646850586,0.00037564675549006665,0.0026874542236328125,0,0
C[C@H](Nc1nc(C(=O)N2CCC(C(=O)NC(C)(C)C)C2)c2sccc2n1)c1cncc(F)c1,O=C(c1nc(NCc2cccnc2)nc2ccsc12)N1CCCC1,6.522878646850586,0.6151110688867512,0.7815308570861816,0,1
C[C@H](Nc1nc(C(=O)N2CCC(C(=O)NCC(C)(C)C)C2)c2sccc2n1)c1cncc(F)c1,O=C(c1nc(NCc2cccnc2)nc2ccsc12)N1CCCC1,8.0,0.9109955591444097,0.7823667526245117,1,1
C[C@H](Nc1nc(C(=O)N2CCC(C(=O)O)C2)c2sccc2n1)c1cncc(F)c1,O=C(c1nc(NCc2cccnc2)nc2ccsc12)N1CCCC1,6.301030158996582,0.3390200981909892,0.41861581802368164,0,0
C[C@H](Nc1nc(C(=O)N2CCC(C(=O)OC(C)(C)C)C2)c2sccc2n1)c1cncc(F)c1,O=C(c1nc(NCc2cccnc2)nc2ccsc12)N1CCCC1,6.522878646850586,0.14458398137628414,0.015392303466796875,0,0
C[C@H](Nc1nc(C(=O)N2CCC(C)(C)C2)c2sccc2n1)c1cccnc1,O=C(c1nc(NCc2cccnc2)nc2ccsc12)N1CCCC1,6.522878646850586,0.003095885942548726,0.054107666015625,0,0
C[C@H](Nc1nc(C(=O)N2CCC(F)(F)C2)c2sccc2n1)c1cccnc1,O=C(c1nc(NCc2cccnc2)nc2ccsc12)N1CCCC1,6.522878646850586,0.09477078038227038,0.0526890754699707,0,0
C[C@H](Nc1nc(C(=O)N2CCCC2)c2sc(C(F)(F)F)cc2n1)c1cccnc1,O=C(c1nc(NCc2cccnc2)nc2ccsc12)N1CCCC1,6.301030158996582,0.12723285477923785,0.2476348876953125,0,0
C[C@H](Nc1nc(C(=O)N2CCCC2)c2sc(N)cc2n1)c1cncc(F)c1,O=C(c1nc(NCc2cccnc2)nc2ccsc12)N1CCCC1,6.522878646850586,0.04549239390262905,0.04771900177001953,0,0
C[C@H](Nc1nc(C(=O)N2CCCC2)c2sccc2n1)c1cccnc1,O=C(c1nc(NCc2cccnc2)nc2ccsc12)N1CCCC1,6.32975435256958,0.08916271384536323,0.20554304122924805,0,0
C[C@H](Nc1nc(C(=O)N2CCCC2)c2sccc2n1)c1cncc(Cl)c1,O=C(c1nc(NCc2cccnc2)nc2ccsc12)N1CCCC1,6.522878646850586,0.07848247307318967,0.07187318801879883,0,0
C[C@H](Nc1nc(C(=O)N2CCCC2)c2sccc2n1)c1cncc(F)c1,O=C(c1nc(NCc2cccnc2)nc2ccsc12)N1CCCC1,6.522878646850586,0.07219717191903552,0.15482568740844727,0,0
C[C@H](Nc1nc(C(=O)N2CCC[C@@H]2C)c2sccc2n1)c1cccnc1,O=C(c1nc(NCc2cccnc2)nc2ccsc12)N1CCCC1,6.522878646850586,0.1360063511973042,0.03159379959106445,0,0
C[C@H](Nc1nc(C(=O)N2CCC[C@@H]2C)c2sccc2n1)c1cncc(F)c1,O=C(c1nc(NCc2cccnc2)nc2ccsc12)N1CCCC1,6.522878646850586,0.15276043762664582,0.16754770278930664,0,0
C[C@H](Nc1nc(C(=O)N2CCC[C@@H]2CO)c2sccc2n1)c1cccnc1,O=C(c1nc(NCc2cccnc2)nc2ccsc12)N1CCCC1,6.301030158996582,0.22614285583526605,0.06908512115478516,0,0
C[C@H](Nc1nc(C(=O)N2CCC[C@H]2C)c2sccc2n1)c1cccnc1,O=C(c1nc(NCc2cccnc2)nc2ccsc12)N1CCCC1,6.301030158996582,0.3578548390513081,0.3175334930419922,0,0
C[C@H](Nc1nc(C(=O)N2CCC[C@H]2C)c2sccc2n1)c1cncc(F)c1,O=C(c1nc(NCc2cccnc2)nc2ccsc12)N1CCCC1,6.522878646850586,0.15276043762664582,0.30757999420166016,0,0
C[C@H](Nc1nc(C(=O)N2CCC[C@H]2CO)c2sccc2n1)c1cccnc1,O=C(c1nc(NCc2cccnc2)nc2ccsc12)N1CCCC1,6.301030158996582,0.22614285583526605,0.238494873046875,0,0
C[C@H](Nc1nc(C(=O)N2CC[C@@H](CO)C2)c2sccc2n1)c1cccnc1,O=C(c1nc(NCc2cccnc2)nc2ccsc12)N1CCCC1,6.522878646850586,0.1000936976944855,0.0637202262878418,0,0
C[C@H](Nc1nc(C(=O)N2CC[C@@H](CO)C2)c2sccc2n1)c1cncc(F)c1,O=C(c1nc(NCc2cccnc2)nc2ccsc12)N1CCCC1,6.522878646850586,0.07284193761191382,0.08329391479492188,0,0
C[C@H](Nc1nc(C(=O)N2CC[C@@H](F)C2)c2sc(N)cc2n1)c1cccnc1,O=C(c1nc(NCc2cccnc2)nc2ccsc12)N1CCCC1,6.522878646850586,0.09026447599169085,0.0026144981384277344,0,0
C[C@H](Nc1nc(C(=O)N2CC[C@@H](F)C2)c2sccc2n1)c1cccnc1,O=C(c1nc(NCc2cccnc2)nc2ccsc12)N1CCCC1,6.522878646850586,0.09599878194475409,0.08897924423217773,0,0
C[C@H](Nc1nc(C(=O)N2CC[C@@H](F)C2)c2sccc2n1)c1cncc(F)c1,O=C(c1nc(NCc2cccnc2)nc2ccsc12)N1CCCC1,6.522878646850586,0.04474307130735422,0.2616400718688965,0,0
C[C@H](Nc1nc(C(=O)N2CC[C@@H](N)C2)c2sccc2n1)c1cccnc1,O=C(c1nc(NCc2cccnc2)nc2ccsc12)N1CCCC1,6.301030158996582,0.1444617719064185,0.2111368179321289,0,0
C[C@H](Nc1nc(C(=O)N2CC[C@@H](NC(=O)OC(C)(C)C)C2)c2sccc2n1)c1cccnc1,O=C(c1nc(NCc2cccnc2)nc2ccsc12)N1CCCC1,6.522878646850586,0.37451873015480164,0.10366010665893555,0,0
C[C@H](Nc1nc(C(=O)N2CC[C@@H](O)C2)c2sc(C(F)(F)F)cc2n1)c1cccnc1,O=C(c1nc(NCc2cccnc2)nc2ccsc12)N1CCCC1,6.301030158996582,0.14723291491872104,0.14572668075561523,0,0
C[C@H](Nc1nc(C(=O)N2CC[C@@H](O)C2)c2sc(C(F)(F)F)cc2n1)c1cncc(F)c1,O=C(c1nc(NCc2cccnc2)nc2ccsc12)N1CCCC1,6.301030158996582,0.1835848769373536,0.3710446357727051,0,0
C[C@H](Nc1nc(C(=O)N2CC[C@@H](O)C2)c2sc(N)cc2n1)c1cccnc1,O=C(c1nc(NCc2cccnc2)nc2ccsc12)N1CCCC1,6.301030158996582,0.10740480237580208,0.17203521728515625,0,0
C[C@H](Nc1nc(C(=O)N2CC[C@@H](O)C2)c2sc(N)cc2n1)c1cncc(F)c1,O=C(c1nc(NCc2cccnc2)nc2ccsc12)N1CCCC1,6.522878646850586,0.048980794310496734,0.10279130935668945,0,0
C[C@H](Nc1nc(C(=O)N2CC[C@@H](O)C2)c2sccc2n1)c1cccnc1,O=C(c1nc(NCc2cccnc2)nc2ccsc12)N1CCCC1,6.301030158996582,0.11013663885982083,0.2602510452270508,0,0
C[C@H](Nc1nc(C(=O)N2CC[C@@H](O)C2)c2sccc2n1)c1cncc(Cl)c1,O=C(c1nc(NCc2cccnc2)nc2ccsc12)N1CCCC1,6.301030158996582,0.1582352069448012,0.13048028945922852,0,0
C[C@H](Nc1nc(C(=O)N2CC[C@@H](O)C2)c2sccc2n1)c1cncc(F)c1,O=C(c1nc(NCc2cccnc2)nc2ccsc12)N1CCCC1,6.301030158996582,0.1584855990125904,0.40885448455810547,0,0
C[C@H](Nc1nc(C(=O)N2CC[C@@H](S(C)(=O)=O)C2)c2sccc2n1)c1cccnc1,O=C(c1nc(NCc2cccnc2)nc2ccsc12)N1CCCC1,6.301030158996582,0.1866920889651693,0.24187278747558594,0,0
C[C@H](Nc1nc(C(=O)N2CC[C@H](CO)C2)c2sccc2n1)c1cccnc1,O=C(c1nc(NCc2cccnc2)nc2ccsc12)N1CCCC1,6.522878646850586,0.1000936976944855,0.13052797317504883,0,0
C[C@H](Nc1nc(C(=O)N2CC[C@H](CO)C2)c2sccc2n1)c1cncc(F)c1,O=C(c1nc(NCc2cccnc2)nc2ccsc12)N1CCCC1,6.522878646850586,0.07284193761191382,0.029760360717773438,0,0
C[C@H](Nc1nc(C(=O)N2CC[C@H](F)C2)c2sc(N)cc2n1)c1cccnc1,O=C(c1nc(NCc2cccnc2)nc2ccsc12)N1CCCC1,6.522878646850586,0.09026447599169085,0.07780122756958008,0,0
C[C@H](Nc1nc(C(=O)N2CC[C@H](F)C2)c2sccc2n1)c1cccnc1,O=C(c1nc(NCc2cccnc2)nc2ccsc12)N1CCCC1,7.12493896484375,0.6980590999379181,0.6040477752685547,0,0
C[C@H](Nc1nc(C(=O)N2CC[C@H](F)C2)c2sccc2n1)c1cncc(F)c1,O=C(c1nc(NCc2cccnc2)nc2ccsc12)N1CCCC1,6.522878646850586,0.04474307130735422,0.17923736572265625,0,0
C[C@H](Nc1nc(C(=O)N2CC[C@H](N)C2)c2sccc2n1)c1cccnc1,O=C(c1nc(NCc2cccnc2)nc2ccsc12)N1CCCC1,6.301030158996582,0.1444617719064185,0.12018013000488281,0,0
C[C@H](Nc1nc(C(=O)N2CC[C@H](N)C2)c2sccc2n1)c1cncc(F)c1,O=C(c1nc(NCc2cccnc2)nc2ccsc12)N1CCCC1,6.301030158996582,0.21328439905826269,0.2792787551879883,0,0
C[C@H](Nc1nc(C(=O)N2CC[C@H](NC(=O)OC(C)(C)C)C2)c2sccc2n1)c1cccnc1,O=C(c1nc(NCc2cccnc2)nc2ccsc12)N1CCCC1,7.12493896484375,0.22754158783836242,0.6204061508178711,0,0
C[C@H](Nc1nc(C(=O)N2CC[C@H](O)C2)c2sc(C(F)(F)F)cc2n1)c1cccnc1,O=C(c1nc(NCc2cccnc2)nc2ccsc12)N1CCCC1,6.301030158996582,0.14723291491872104,0.008495330810546875,0,0
C[C@H](Nc1nc(C(=O)N2CC[C@H](O)C2)c2sc(C(F)(F)F)cc2n1)c1cncc(F)c1,O=C(c1nc(NCc2cccnc2)nc2ccsc12)N1CCCC1,6.301030158996582,0.1835848769373536,0.22149038314819336,0,0
C[C@H](Nc1nc(C(=O)N2CC[C@H](O)C2)c2sc(N)cc2n1)c1cccnc1,O=C(c1nc(NCc2cccnc2)nc2ccsc12)N1CCCC1,6.301030158996582,0.10740480237580208,0.10627269744873047,0,0
C[C@H](Nc1nc(C(=O)N2CC[C@H](O)C2)c2sccc2n1)c1cccnc1,O=C(c1nc(NCc2cccnc2)nc2ccsc12)N1CCCC1,6.301030158996582,0.11013663885982083,0.15555810928344727,0,0
C[C@H](Nc1nc(C(=O)N2CC[C@H](O)C2)c2sccc2n1)c1cncc(Cl)c1,O=C(c1nc(NCc2cccnc2)nc2ccsc12)N1CCCC1,6.301030158996582,0.1582352069448012,0.02486133575439453,0,0
C[C@H](Nc1nc(C(=O)N2CC[C@H](O)C2)c2sccc2n1)c1cncc(F)c1,O=C(c1nc(NCc2cccnc2)nc2ccsc12)N1CCCC1,6.301030158996582,0.1584855990125904,0.3150029182434082,0,0
C[C@H]1CCN(C(=O)c2nc(N[C@@H](C)c3cccnc3)nc3ccsc23)C1,O=C(c1nc(NCc2cccnc2)nc2ccsc12)N1CCCC1,6.522878646850586,0.00037564675549006665,0.060572147369384766,0,0
Cc1cc2nc(N[C@@H](C)c3cccnc3)nc(C(=O)N3CCCC3)c2s1,O=C(c1nc(NCc2cccnc2)nc2ccsc12)N1CCCC1,6.411954402923584,0.08636596139839359,0.15021610260009766,0,0
Cc1cc2nc(N[C@@H](C)c3cccnc3)nc(C(=O)N3CC[C@@H](CO)C3)c2s1,O=C(c1nc(NCc2cccnc2)nc2ccsc12)N1CCCC1,6.301030158996582,0.127183578273522,0.22204351425170898,0,0
Cc1cc2nc(N[C@@H](C)c3cccnc3)nc(C(=O)N3CC[C@@H](O)C3)c2s1,O=C(c1nc(NCc2cccnc2)nc2ccsc12)N1CCCC1,6.301030158996582,0.16511602915961987,0.30620431900024414,0,0
Cc1cc2nc(N[C@@H](C)c3cccnc3)nc(C(=O)N3CC[C@H](CO)C3)c2s1,O=C(c1nc(NCc2cccnc2)nc2ccsc12)N1CCCC1,6.301030158996582,0.127183578273522,0.1734457015991211,0,0
Cc1cc2nc(N[C@@H](C)c3cccnc3)nc(C(=O)N3CC[C@H](O)C3)c2s1,O=C(c1nc(NCc2cccnc2)nc2ccsc12)N1CCCC1,6.301030158996582,0.16511602915961987,0.23077821731567383,0,0
Cc1cc2nc(N[C@@H](C)c3cncc(F)c3)nc(C(=O)N3CCCC3)c2s1,O=C(c1nc(NCc2cccnc2)nc2ccsc12)N1CCCC1,7.12493896484375,0.5769792986208451,0.4255518913269043,0,0
Cc1cc2nc(N[C@@H](C)c3cncc(F)c3)nc(C(=O)N3CC[C@@H](CN)C3)c2s1,O=C(c1nc(NCc2cccnc2)nc2ccsc12)N1CCCC1,6.301030158996582,0.15176483772374816,0.3028693199157715,0,0
Cc1cc2nc(N[C@@H](C)c3cncc(F)c3)nc(C(=O)N3CC[C@@H](CO)C3)c2s1,O=C(c1nc(NCc2cccnc2)nc2ccsc12)N1CCCC1,6.522878646850586,0.07580036223467879,0.13182306289672852,0,0
Cc1cc2nc(N[C@@H](C)c3cncc(F)c3)nc(C(=O)N3CC[C@@H](N)C3)c2s1,O=C(c1nc(NCc2cccnc2)nc2ccsc12)N1CCCC1,6.301030158996582,0.28447339314169273,0.3646516799926758,0,0
Cc1cc2nc(N[C@@H](C)c3cncc(F)c3)nc(C(=O)N3CC[C@@H](O)C3)c2s1,O=C(c1nc(NCc2cccnc2)nc2ccsc12)N1CCCC1,6.522878646850586,0.010277459940742695,0.2188558578491211,0,0
Cc1cc2nc(N[C@@H](C)c3cncc(F)c3)nc(C(=O)N3CC[C@H](CN)C3)c2s1,O=C(c1nc(NCc2cccnc2)nc2ccsc12)N1CCCC1,6.301030158996582,0.15176483772374816,0.2498641014099121,0,0
Cc1cc2nc(N[C@@H](C)c3cncc(F)c3)nc(C(=O)N3CC[C@H](CO)C3)c2s1,O=C(c1nc(NCc2cccnc2)nc2ccsc12)N1CCCC1,7.12493896484375,0.6778606802278428,0.5235743522644043,0,0
Cc1cc2nc(N[C@@H](C)c3cncc(F)c3)nc(C(=O)N3CC[C@H](N)C3)c2s1,O=C(c1nc(NCc2cccnc2)nc2ccsc12)N1CCCC1,6.301030158996582,0.28447339314169273,0.30138158798217773,0,0
Cc1cc2nc(N[C@@H](C)c3cncc(F)c3)nc(C(=O)N3CC[C@H](O)C3)c2s1,O=C(c1nc(NCc2cccnc2)nc2ccsc12)N1CCCC1,6.522878646850586,0.010277459940742695,0.14432859420776367,0,0
Cc1cncc(CNc2nc(C(=O)N3CCCC3)c3sccc3n2)c1,O=C(c1nc(NCc2cccnc2)nc2ccsc12)N1CCCC1,6.301030158996582,0.047626240069759795,0.05841827392578125,0,0
Cc1cncc(CNc2nc(C(=O)N3CC[C@H](O)C3)c3sccc3n2)c1,O=C(c1nc(NCc2cccnc2)nc2ccsc12)N1CCCC1,6.301030158996582,0.04959443721604018,0.030010700225830078,0,0
Cc1csc2c(C(=O)N3CCCC3)nc(N[C@@H](C)c3cncc(F)c3)nc12,O=C(c1nc(NCc2cccnc2)nc2ccsc12)N1CCCC1,7.522878646850586,0.6557842183221432,0.7026948928833008,0,0
Cc1csc2c(C(=O)N3CC[C@H](O)C3)nc(N[C@@H](C)c3cncc(F)c3)nc12,O=C(c1nc(NCc2cccnc2)nc2ccsc12)N1CCCC1,6.522878646850586,0.2922894976597137,0.24648189544677734,0,0
Cc1ncccc1CNc1nc(C(=O)N2CCCC2)c2sccc2n1,O=C(c1nc(NCc2cccnc2)nc2ccsc12)N1CCCC1,6.522878646850586,0.0392571940758879,0.048130035400390625,0,0
N#Cc1cncc(CNc2nc(C(=O)N3CCCC3)c3sccc3n2)c1,O=C(c1nc(NCc2cccnc2)nc2ccsc12)N1CCCC1,6.301030158996582,0.05313532600538462,0.15659141540527344,0,0
NC(=O)c1cncc(CNc2nc(C(=O)N3CCCC3)c3sccc3n2)c1,O=C(c1nc(NCc2cccnc2)nc2ccsc12)N1CCCC1,6.301030158996582,0.04748163409519712,0.22258901596069336,0,0
N[C@@H]1CCN(C(=O)c2nc(NCc3cncc(F)c3)nc3ccsc23)C1,O=C(c1nc(NCc2cccnc2)nc2ccsc12)N1CCCC1,6.301030158996582,0.06375461172367292,0.06058835983276367,0,0
N[C@H]1CCN(C(=O)c2nc(NCc3cncc(F)c3)nc3ccsc23)C1,O=C(c1nc(NCc2cccnc2)nc2ccsc12)N1CCCC1,6.301030158996582,0.06375461172367292,0.1587843894958496,0,0
Nc1cc2nc(NCc3cccnc3)nc(C(=O)N3CCCC3)c2s1,O=C(c1nc(NCc2cccnc2)nc2ccsc12)N1CCCC1,6.301030158996582,0.38514560295997136,0.07703351974487305,0,0
O=C(c1nc(NC(CO)c2cccnc2)nc2ccsc12)N1CCCC1,O=C(c1nc(NCc2cccnc2)nc2ccsc12)N1CCCC1,6.301030158996582,0.12488660718664324,0.11376237869262695,0,0
O=C(c1nc(NCc2ccc(C(F)(F)F)nc2)nc2ccsc12)N1CCCC1,O=C(c1nc(NCc2cccnc2)nc2ccsc12)N1CCCC1,6.522878646850586,0.27803640555173725,0.3109736442565918,0,0
O=C(c1nc(NCc2ccc(C(F)(F)F)nc2)nc2ccsc12)N1CC[C@H](O)C1,O=C(c1nc(NCc2cccnc2)nc2ccsc12)N1CCCC1,6.301030158996582,0.06612435110347992,0.32921409606933594,0,0
O=C(c1nc(NCc2cccnc2)nc2ccsc12)N1CCCC1,O=C(c1nc(NCc2cccnc2)nc2ccsc12)N1CCCC1,5.2121148109436035,0.8815563525241474,1.0943007469177246,1,1
O=C(c1nc(NCc2cccnc2)nc2ccsc12)N1CC[C@@H](O)C1,O=C(c1nc(NCc2cccnc2)nc2ccsc12)N1CCCC1,6.301030158996582,0.1792445320672389,0.03237342834472656,0,0
O=C(c1nc(NCc2cncc(C(F)(F)F)c2)nc2ccsc12)N1CC[C@H](O)C1,O=C(c1nc(NCc2cccnc2)nc2ccsc12)N1CCCC1,6.301030158996582,0.047529286123554115,0.45796823501586914,0,0
O=C(c1nc(NCc2cncc(Cl)c2)nc2ccsc12)N1CCCC1,O=C(c1nc(NCc2cccnc2)nc2ccsc12)N1CCCC1,6.301030158996582,0.05714947248814717,0.08957195281982422,0,0
O=C(c1nc(NCc2cncc(F)c2)nc2ccsc12)N1CCCC1,O=C(c1nc(NCc2cccnc2)nc2ccsc12)N1CCCC1,6.522878646850586,0.15416537261079455,0.0523681640625,0,0
O=C(c1nc(NCc2cncc(F)c2)nc2ccsc12)N1CC[C@@H](F)C1,O=C(c1nc(NCc2cccnc2)nc2ccsc12)N1CCCC1,6.522878646850586,0.16045321142414615,0.08150768280029297,0,0
O=C(c1nc(NCc2cncc(F)c2)nc2ccsc12)N1CC[C@@H](O)C1,O=C(c1nc(NCc2cccnc2)nc2ccsc12)N1CCCC1,6.522878646850586,0.15268619543556472,0.011535167694091797,0,0
O=C(c1nc(NCc2cncc(F)c2)nc2ccsc12)N1CC[C@H](F)C1,O=C(c1nc(NCc2cccnc2)nc2ccsc12)N1CCCC1,6.301030158996582,0.06139527642985776,0.1858363151550293,0,0
O=C(c1nc(NCc2cncc(F)c2)nc2ccsc12)N1CC[C@H](O)C1,O=C(c1nc(NCc2cccnc2)nc2ccsc12)N1CCCC1,6.301030158996582,0.06916229241843919,0.10228443145751953,0,0
CC(=O)N(C)C1CN(C(=O)c2nc(N[C@@H](C)c3cncc(F)c3)nc3cc(C)sc23)C1,O=C(c1nc(NCc2cccnc2)nc2ccsc12)N1CCC1,6.301030158996582,0.5184027687285306,0.572443962097168,0,0
CC(=O)NC1CN(C(=O)c2nc(N[C@@H](C)c3cncc(F)c3)nc3cc(C)sc23)C1,O=C(c1nc(NCc2cccnc2)nc2ccsc12)N1CCC1,6.522878646850586,0.846067387580872,0.8999514579772949,1,1
CC(=O)NC1CN(C(=O)c2nc(N[C@@H](C)c3cncc(F)c3)nc3ccsc23)C1,O=C(c1nc(NCc2cccnc2)nc2ccsc12)N1CCC1,6.522878646850586,0.8567610034942623,0.8873939514160156,1,1
CC(=O)NCC1CN(C(=O)c2nc(N[C@@H](C)c3cncc(F)c3)nc3ccsc23)C1,O=C(c1nc(NCc2cccnc2)nc2ccsc12)N1CCC1,6.522878646850586,0.13993761762563217,0.23241376876831055,0,0
CC(C)C(=O)NC1CN(C(=O)c2nc(N[C@@H](C)c3cncc(F)c3)nc3ccsc23)C1,O=C(c1nc(NCc2cccnc2)nc2ccsc12)N1CCC1,7.522878646850586,0.027992036819457944,0.09993410110473633,0,0
CC(C)C(=O)NCC1CN(C(=O)c2nc(N[C@@H](C)c3cncc(F)c3)nc3ccsc23)C1,O=C(c1nc(NCc2cccnc2)nc2ccsc12)N1CCC1,7.12493896484375,0.47533830875958927,0.3335261344909668,0,0
CC(C)OC(=O)NC1CN(C(=O)c2nc(N[C@@H](C)c3cncc(F)c3)nc3ccsc23)C1,O=C(c1nc(NCc2cccnc2)nc2ccsc12)N1CCC1,7.522878646850586,0.07521173954009974,0.30716943740844727,0,0
CC1(O)CN(C(=O)c2nc(NCc3cncc(F)c3)nc3ccsc23)C1,O=C(c1nc(NCc2cccnc2)nc2ccsc12)N1CCC1,6.301030158996582,0.07214862460415805,0.13071966171264648,0,0
CC1CCN1C(=O)c1nc(N[C@@H](C)c2cncc(F)c2)nc2ccsc12,O=C(c1nc(NCc2cccnc2)nc2ccsc12)N1CCC1,7.12493896484375,0.436327643659431,0.2618260383605957,0,0
CCC(CC)NC(=O)NC1CN(C(=O)c2nc(N[C@@H](C)c3cncc(F)c3)nc3ccsc23)C1,O=C(c1nc(NCc2cccnc2)nc2ccsc12)N1CCC1,8.0,0.7522070740757787,0.5067000389099121,1,0
CCNC(=O)CC1CN(C(=O)c2nc(N[C@@H](C)c3cncc(F)c3)nc3cc(C)sc23)C1,O=C(c1nc(NCc2cccnc2)nc2ccsc12)N1CCC1,7.12493896484375,0.4614002632466425,0.1961512565612793,0,0
CCNC1CN(C(=O)c2nc(N[C@@H](C)c3cncc(F)c3)nc3cc(C)sc23)C1,O=C(c1nc(NCc2cccnc2)nc2ccsc12)N1CCC1,6.301030158996582,0.5383837346442162,0.44962024688720703,0,0
CCOC(=O)N(C)C1CN(C(=O)c2nc(N[C@@H](C)c3cncc(F)c3)nc3cc(C)sc23)C1,O=C(c1nc(NCc2cccnc2)nc2ccsc12)N1CCC1,7.12493896484375,0.21836456566767914,0.38541603088378906,0,0
CCOc1ccc(CNc2nc(C(=O)N3CCC3)c3sccc3n2)cn1,O=C(c1nc(NCc2cccnc2)nc2ccsc12)N1CCC1,6.522878646850586,0.10477253391170738,0.16607904434204102,0,0
CN(C(=O)OC(C)(C)C)C1CN(C(=O)c2nc(NCc3cncc(F)c3)nc3ccsc23)C1,O=C(c1nc(NCc2cccnc2)nc2ccsc12)N1CCC1,6.522878646850586,0.050125913285580914,0.06442499160766602,0,0
CNC(=O)NCC1CN(C(=O)c2nc(N[C@@H](C)c3cncc(F)c3)nc3ccsc23)C1,O=C(c1nc(NCc2cccnc2)nc2ccsc12)N1CCC1,6.522878646850586,0.08169067787426876,0.4796881675720215,0,0
CNC1CN(C(=O)c2nc(NCc3cncc(F)c3)nc3ccsc23)C1,O=C(c1nc(NCc2cccnc2)nc2ccsc12)N1CCC1,6.301030158996582,0.44432763227602656,0.3318157196044922,0,0
CNC1CN(C(=O)c2nc(N[C@@H](C)c3cncc(F)c3)nc3cc(C)sc23)C1,O=C(c1nc(NCc2cccnc2)nc2ccsc12)N1CCC1,6.301030158996582,0.8653595622642802,0.5086879730224609,1,0
CNc1cc2nc(N[C@@H](C)c3cccnc3)nc(C(=O)N3CC(O)C3)c2s1,O=C(c1nc(NCc2cccnc2)nc2ccsc12)N1CCC1,6.301030158996582,0.1740498392808183,0.310269832611084,0,0
CNc1cc2nc(N[C@@H](C)c3cccnc3)nc(C(=O)N3CCC3)c2s1,O=C(c1nc(NCc2cccnc2)nc2ccsc12)N1CCC1,6.522878646850586,0.008480936067813971,0.08715534210205078,0,0
CNc1cc2nc(N[C@@H](C)c3cncc(F)c3)nc(C(=O)N3CC(OC)C3)c2s1,O=C(c1nc(NCc2cccnc2)nc2ccsc12)N1CCC1,6.522878646850586,0.2645447753301857,0.22501897811889648,0,0
CNc1cc2nc(N[C@@H](C)c3cncc(F)c3)nc(C(=O)N3CCC3)c2s1,O=C(c1nc(NCc2cccnc2)nc2ccsc12)N1CCC1,6.522878646850586,0.047742148833476605,0.20304298400878906,0,0
COC1CN(C(=O)c2nc(NCc3cncc(F)c3)nc3ccsc23)C1,O=C(c1nc(NCc2cccnc2)nc2ccsc12)N1CCC1,6.522878646850586,0.032821981143526635,0.04296112060546875,0,0
COC1CN(C(=O)c2nc(N[C@@H](C)c3cccnc3)nc3cc(C)sc23)C1,O=C(c1nc(NCc2cccnc2)nc2ccsc12)N1CCC1,7.12493896484375,0.3231297993861242,0.4422621726989746,0,0
COC1CN(C(=O)c2nc(N[C@@H](C)c3cccnc3)nc3ccsc23)C1,O=C(c1nc(NCc2cccnc2)nc2ccsc12)N1CCC1,7.12493896484375,0.5107085083679213,0.4964637756347656,0,0
COC1CN(C(=O)c2nc(N[C@@H](C)c3cncc(Cl)c3)nc3ccsc23)C1,O=C(c1nc(NCc2cccnc2)nc2ccsc12)N1CCC1,6.522878646850586,0.19394653013624108,0.020231246948242188,0,0
COC1CN(C(=O)c2nc(N[C@@H](C)c3cncc(F)c3)nc3cc(C)sc23)C1,O=C(c1nc(NCc2cccnc2)nc2ccsc12)N1CCC1,7.12493896484375,0.26378729103172116,0.3076944351196289,0,0
COC1CN(C(=O)c2nc(N[C@@H](C)c3cncc(F)c3)nc3ccsc23)C1,O=C(c1nc(NCc2cccnc2)nc2ccsc12)N1CCC1,6.522878646850586,0.23836862535946768,0.23761606216430664,0,0
COCC(Nc1nc(C(=O)N2CC(OC)C2)c2sccc2n1)c1cccnc1,O=C(c1nc(NCc2cccnc2)nc2ccsc12)N1CCC1,7.12493896484375,0.5381086077963717,0.5923066139221191,0,0
COCC(Nc1nc(C(=O)N2CCC2)c2sccc2n1)c1cccnc1,O=C(c1nc(NCc2cccnc2)nc2ccsc12)N1CCC1,6.301030158996582,0.17104545120380532,0.20101261138916016,0,0
COCCC(=O)NC1CN(C(=O)c2nc(N[C@@H](C)c3cncc(F)c3)nc3cc(C)sc23)C1,O=C(c1nc(NCc2cccnc2)nc2ccsc12)N1CCC1,7.522878646850586,0.4739374205166911,0.14898252487182617,0,0
COC[C@@H](Nc1nc(C(=O)N2CCC2)c2sccc2n1)c1cccnc1,O=C(c1nc(NCc2cccnc2)nc2ccsc12)N1CCC1,6.522878646850586,0.050803036650198585,0.05100440979003906,0,0
COC[C@@H]1CCN1C(=O)c1nc(N[C@@H](C)c2cncc(F)c2)nc2cc(C)sc12,O=C(c1nc(NCc2cccnc2)nc2ccsc12)N1CCC1,6.301030158996582,0.3355116493284882,0.44440174102783203,0,0
COC[C@@H]1CCN1C(=O)c1nc(N[C@@H](C)c2cncc(F)c2)nc2ccsc12,O=C(c1nc(NCc2cccnc2)nc2ccsc12)N1CCC1,6.301030158996582,0.3089848095853087,0.3592386245727539,0,0
COC[C@H]1CCN1C(=O)c1nc(N[C@@H](C)c2cncc(F)c2)nc2cc(C)sc12,O=C(c1nc(NCc2cccnc2)nc2ccsc12)N1CCC1,6.301030158996582,0.3355116493284882,0.5906829833984375,0,0
COC[C@H]1CCN1C(=O)c1nc(N[C@@H](C)c2cncc(F)c2)nc2ccsc12,O=C(c1nc(NCc2cccnc2)nc2ccsc12)N1CCC1,6.301030158996582,0.3089848095853087,0.5103750228881836,0,0
COc1cncc(CNc2nc(C(=O)N3CC(C)C3)c3sccc3n2)c1,O=C(c1nc(NCc2cccnc2)nc2ccsc12)N1CCC1,6.301030158996582,0.27129660782272325,0.27678728103637695,0,0
COc1cncc(CNc2nc(C(=O)N3CC(O)C3)c3sccc3n2)c1,O=C(c1nc(NCc2cccnc2)nc2ccsc12)N1CCC1,6.301030158996582,0.19927088307625418,0.13132381439208984,0,0
COc1cncc(CNc2nc(C(=O)N3CCC3)c3sccc3n2)c1,O=C(c1nc(NCc2cccnc2)nc2ccsc12)N1CCC1,6.301030158996582,0.08636597479008756,0.33809804916381836,0,0
C[C@H](Nc1nc(C(=O)N2CC(C(=O)NCCO)C2)c2sccc2n1)c1cncc(F)c1,O=C(c1nc(NCc2cccnc2)nc2ccsc12)N1CCC1,6.301030158996582,0.7284025731090056,1.1104679107666016,1,1
C[C@H](Nc1nc(C(=O)N2CC(C(=O)NOC(C)(C)C)C2)c2sccc2n1)c1cncc(F)c1,O=C(c1nc(NCc2cccnc2)nc2ccsc12)N1CCC1,7.12493896484375,0.13287593029267608,0.28937435150146484,0,0
C[C@H](Nc1nc(C(=O)N2CC(C(=O)OC(C)(C)C)C2)c2sccc2n1)c1cncc(F)c1,O=C(c1nc(NCc2cccnc2)nc2ccsc12)N1CCC1,6.522878646850586,0.3857773609626838,0.16319704055786133,0,0
C[C@H](Nc1nc(C(=O)N2CC(C(N)=O)C2)c2sccc2n1)c1cncc(F)c1,O=C(c1nc(NCc2cccnc2)nc2ccsc12)N1CCC1,6.301030158996582,0.572939250160224,0.7854695320129395,0,1
C[C@H](Nc1nc(C(=O)N2CC(CC(=O)NC(C)(C)C)C2)c2sccc2n1)c1cncc(F)c1,O=C(c1nc(NCc2cccnc2)nc2ccsc12)N1CCC1,7.522878646850586,0.8716118365307857,0.4886474609375,1,0
C[C@H](Nc1nc(C(=O)N2CC(CN(C)C(=O)C(C)(C)C)C2)c2sccc2n1)c1cncc(F)c1,O=C(c1nc(NCc2cccnc2)nc2ccsc12)N1CCC1,7.522878646850586,0.9068155494118644,1.112746238708496,1,1
C[C@H](Nc1nc(C(=O)N2CC(CN(C)C(=O)CC(C)(C)C)C2)c2sccc2n1)c1cncc(F)c1,O=C(c1nc(NCc2cccnc2)nc2ccsc12)N1CCC1,7.12493896484375,0.4752947264988032,0.6780195236206055,0,0
C[C@H](Nc1nc(C(=O)N2CC(CN(C)C(=O)OC(C)(C)C)C2)c2sccc2n1)c1cncc(F)c1,O=C(c1nc(NCc2cccnc2)nc2ccsc12)N1CCC1,6.522878646850586,0.16382838840641245,0.17773962020874023,0,0
C[C@H](Nc1nc(C(=O)N2CC(CN)C2)c2sccc2n1)c1cncc(F)c1,O=C(c1nc(NCc2cccnc2)nc2ccsc12)N1CCC1,6.301030158996582,0.32663513149798096,0.3606147766113281,0,0
C[C@H](Nc1nc(C(=O)N2CC(CNC(=O)C(C)(C)C)C2)c2sccc2n1)c1cncc(F)c1,O=C(c1nc(NCc2cccnc2)nc2ccsc12)N1CCC1,6.522878646850586,0.118056075733878,0.16460323333740234,0,0
C[C@H](Nc1nc(C(=O)N2CC(CNC(=O)N(C)C)C2)c2sccc2n1)c1cncc(F)c1,O=C(c1nc(NCc2cccnc2)nc2ccsc12)N1CCC1,7.12493896484375,0.7066845694229702,0.40161991119384766,0,0
C[C@H](Nc1nc(C(=O)N2CC(CNC(=O)OC(C)(C)C)C2)c2sccc2n1)c1cncc(F)c1,O=C(c1nc(NCc2cccnc2)nc2ccsc12)N1CCC1,7.522878646850586,0.7945440906770864,0.8989219665527344,1,1
C[C@H](Nc1nc(C(=O)N2CC(CNC(=O)OCC(C)(C)C)C2)c2sccc2n1)c1cncc(F)c1,O=C(c1nc(NCc2cccnc2)nc2ccsc12)N1CCC1,7.522878646850586,0.9241000597839664,0.9096827507019043,1,1
C[C@H](Nc1nc(C(=O)N2CC(CNS(C)(=O)=O)C2)c2sccc2n1)c1cncc(F)c1,O=C(c1nc(NCc2cccnc2)nc2ccsc12)N1CCC1,6.522878646850586,0.1277478253012534,0.2788844108581543,0,0
C[C@H](Nc1nc(C(=O)N2CC(F)(F)C2)c2sccc2n1)c1cccnc1,O=C(c1nc(NCc2cccnc2)nc2ccsc12)N1CCC1,6.522878646850586,0.07819884779223063,0.2359619140625,0,0
C[C@H](Nc1nc(C(=O)N2CC(N)C2)c2sccc2n1)c1cncc(F)c1,O=C(c1nc(NCc2cccnc2)nc2ccsc12)N1CCC1,6.301030158996582,0.42755771106085483,0.4590940475463867,0,0
C[C@H](Nc1nc(C(=O)N2CC(NC(=O)C(C)(C)C(F)(F)F)C2)c2sccc2n1)c1cncc(F)c1,O=C(c1nc(NCc2cccnc2)nc2ccsc12)N1CCC1,8.0,0.4509369478225711,0.6118640899658203,0,0
C[C@H](Nc1nc(C(=O)N2CC(NC(=O)C(C)(C)C)C2)c2sccc2n1)c1cncc(Cl)c1,O=C(c1nc(NCc2cccnc2)nc2ccsc12)N1CCC1,8.0,0.5404297438246264,0.8464326858520508,0,1
C[C@H](Nc1nc(C(=O)N2CC(NC(=O)C(C)(C)C)C2)c2sccc2n1)c1cncc(F)c1,O=C(c1nc(NCc2cccnc2)nc2ccsc12)N1CCC1,8.0,0.4960487766265871,0.6801962852478027,0,0
C[C@H](Nc1nc(C(=O)N2CC(NC(=O)CC(C)(C)C)C2)c2sccc2n1)c1cncc(F)c1,O=C(c1nc(NCc2cccnc2)nc2ccsc12)N1CCC1,7.522878646850586,0.3858485116604191,0.14483022689819336,0,0
C[C@H](Nc1nc(C(=O)N2CC(NC(=O)NC(C)(C)C)C2)c2sccc2n1)c1cncc(F)c1,O=C(c1nc(NCc2cccnc2)nc2ccsc12)N1CCC1,8.0,0.4293136720657351,0.19524240493774414,0,0
C[C@H](Nc1nc(C(=O)N2CC(NC(=O)OC(C)(C)C)C2)c2sccc2n1)c1cncc(F)c1,O=C(c1nc(NCc2cccnc2)nc2ccsc12)N1CCC1,7.522878646850586,0.06844015884399379,0.3082852363586426,0,0
C[C@H](Nc1nc(C(=O)N2CC(O)C2)c2sc(N)cc2n1)c1cccnc1,O=C(c1nc(NCc2cccnc2)nc2ccsc12)N1CCC1,6.301030158996582,0.17956947214252228,0.21956968307495117,0,0
C[C@H](Nc1nc(C(=O)N2CC(O)C2)c2sccc2n1)c1cccnc1,O=C(c1nc(NCc2cccnc2)nc2ccsc12)N1CCC1,6.522878646850586,0.011437316208990467,0.10346412658691406,0,0
C[C@H](Nc1nc(C(=O)N2CC(O)C2)c2sccc2n1)c1cncc(F)c1,O=C(c1nc(NCc2cccnc2)nc2ccsc12)N1CCC1,6.522878646850586,0.13840101003468064,0.24585342407226562,0,0
C[C@H](Nc1nc(C(=O)N2CCC2)c2sc(N)cc2n1)c1cccnc1,O=C(c1nc(NCc2cccnc2)nc2ccsc12)N1CCC1,6.522878646850586,0.026437733170264544,0.015888690948486328,0,0
C[C@H](Nc1nc(C(=O)N2CCC2)c2sc(N)cc2n1)c1cncc(F)c1,O=C(c1nc(NCc2cccnc2)nc2ccsc12)N1CCC1,7.12493896484375,0.5704910082632804,0.44640064239501953,0,0
C[C@H](Nc1nc(C(=O)N2CCC2)c2sccc2n1)c1cccnc1,O=C(c1nc(NCc2cccnc2)nc2ccsc12)N1CCC1,6.522878646850586,0.021476286450226034,0.1015777587890625,0,0
C[C@H](Nc1nc(C(=O)N2CCC2)c2sccc2n1)c1cncc(Cl)c1,O=C(c1nc(NCc2cccnc2)nc2ccsc12)N1CCC1,6.522878646850586,0.010765076061417744,0.023693084716796875,0,0
C[C@H](Nc1nc(C(=O)N2CCC2)c2sccc2n1)c1cncc(F)c1,O=C(c1nc(NCc2cccnc2)nc2ccsc12)N1CCC1,7.12493896484375,0.5511352343410056,0.35234546661376953,0,0
Cc1cc2nc(N[C@@H](C)c3cccnc3)nc(C(=O)N3CC(CN(C)C)C3)c2s1,O=C(c1nc(NCc2cccnc2)nc2ccsc12)N1CCC1,6.301030158996582,0.24131955218646883,0.27948808670043945,0,0
Cc1cc2nc(N[C@@H](C)c3cccnc3)nc(C(=O)N3CC(CN)C3)c2s1,O=C(c1nc(NCc2cccnc2)nc2ccsc12)N1CCC1,6.301030158996582,0.21416599501503253,0.2211160659790039,0,0
Cc1cc2nc(N[C@@H](C)c3cccnc3)nc(C(=O)N3CC(CNC(=O)OC(C)(C)C)C3)c2s1,O=C(c1nc(NCc2cccnc2)nc2ccsc12)N1CCC1,6.301030158996582,0.309252150921953,0.2391972541809082,0,0
Cc1cc2nc(N[C@@H](C)c3cccnc3)nc(C(=O)N3CC(CO)C3)c2s1,O=C(c1nc(NCc2cccnc2)nc2ccsc12)N1CCC1,6.301030158996582,0.22894215576796828,0.2598261833190918,0,0
Cc1cc2nc(N[C@@H](C)c3cccnc3)nc(C(=O)N3CC(O)C3)c2s1,O=C(c1nc(NCc2cccnc2)nc2ccsc12)N1CCC1,6.522878646850586,0.005269427283272954,0.1315765380859375,0,0
Cc1cc2nc(N[C@@H](C)c3cccnc3)nc(C(=O)N3CCC3)c2s1,O=C(c1nc(NCc2cccnc2)nc2ccsc12)N1CCC1,6.522878646850586,0.0777461274544402,0.12939977645874023,0,0
Cc1cc2nc(N[C@@H](C)c3cncc(F)c3)nc(C(=O)N3CC(C(=O)NOC(C)(C)C)C3)c2s1,O=C(c1nc(NCc2cccnc2)nc2ccsc12)N1CCC1,7.12493896484375,0.14582880423963118,0.24930763244628906,0,0
Cc1cc2nc(N[C@@H](C)c3cncc(F)c3)nc(C(=O)N3CC(C(=O)OC(C)(C)C)C3)c2s1,O=C(c1nc(NCc2cccnc2)nc2ccsc12)N1CCC1,6.522878646850586,0.4298780835973801,0.20072603225708008,0,0
Cc1cc2nc(N[C@@H](C)c3cncc(F)c3)nc(C(=O)N3CC(C(N)=O)C3)c2s1,O=C(c1nc(NCc2cccnc2)nc2ccsc12)N1CCC1,6.301030158996582,0.591072523841814,0.7866978645324707,0,1
Cc1cc2nc(N[C@@H](C)c3cncc(F)c3)nc(C(=O)N3CC(CC(=O)OC(C)(C)C)C3)c2s1,O=C(c1nc(NCc2cccnc2)nc2ccsc12)N1CCC1,7.522878646850586,1.0963228063518482,1.0201287269592285,1,1
Cc1cc2nc(N[C@@H](C)c3cncc(F)c3)nc(C(=O)N3CC(CN(C)C)C3)c2s1,O=C(c1nc(NCc2cccnc2)nc2ccsc12)N1CCC1,6.823908805847168,0.19631947655355386,0.10636138916015625,0,0
Cc1cc2nc(N[C@@H](C)c3cncc(F)c3)nc(C(=O)N3CC(CN)C3)c2s1,O=C(c1nc(NCc2cccnc2)nc2ccsc12)N1CCC1,6.301030158996582,0.3071910953929189,0.36579036712646484,0,0
Cc1cc2nc(N[C@@H](C)c3cncc(F)c3)nc(C(=O)N3CC(CNC(=O)C(C)(C)C)C3)c2s1,O=C(c1nc(NCc2cccnc2)nc2ccsc12)N1CCC1,6.522878646850586,0.09503963307865337,0.17845535278320312,0,0
Cc1cc2nc(N[C@@H](C)c3cncc(F)c3)nc(C(=O)N3CC(CNC(=O)CC(C)(C)C)C3)c2s1,O=C(c1nc(NCc2cccnc2)nc2ccsc12)N1CCC1,7.12493896484375,0.5528670930130808,0.36820316314697266,0,0
Cc1cc2nc(N[C@@H](C)c3cncc(F)c3)nc(C(=O)N3CC(CNC(=O)OC(C)(C)C)C3)c2s1,O=C(c1nc(NCc2cccnc2)nc2ccsc12)N1CCC1,6.522878646850586,0.1452682136988379,0.11195516586303711,0,0
Cc1cc2nc(N[C@@H](C)c3cncc(F)c3)nc(C(=O)N3CC(CO)C3)c2s1,O=C(c1nc(NCc2cccnc2)nc2ccsc12)N1CCC1,6.522878646850586,0.09000641004345145,0.18298959732055664,0,0
Cc1cc2nc(N[C@@H](C)c3cncc(F)c3)nc(C(=O)N3CC(CS(C)(=O)=O)C3)c2s1,O=C(c1nc(NCc2cccnc2)nc2ccsc12)N1CCC1,6.301030158996582,0.2435802422994211,0.46592140197753906,0,0
Cc1cc2nc(N[C@@H](C)c3cncc(F)c3)nc(C(=O)N3CC(N(C)C(=O)CC(C)(C)C)C3)c2s1,O=C(c1nc(NCc2cccnc2)nc2ccsc12)N1CCC1,7.522878646850586,0.8063407666134887,0.7651681900024414,1,1
Cc1cc2nc(N[C@@H](C)c3cncc(F)c3)nc(C(=O)N3CC(N(C)C(=O)OC(C)(C)C)C3)c2s1,O=C(c1nc(NCc2cccnc2)nc2ccsc12)N1CCC1,6.522878646850586,0.3102061177482618,0.1313924789428711,0,0
Cc1cc2nc(N[C@@H](C)c3cncc(F)c3)nc(C(=O)N3CC(N(C)C)C3)c2s1,O=C(c1nc(NCc2cccnc2)nc2ccsc12)N1CCC1,6.301030158996582,0.4251760047686277,0.6425271034240723,0,0
Cc1cc2nc(N[C@@H](C)c3cncc(F)c3)nc(C(=O)N3CC(N)C3)c2s1,O=C(c1nc(NCc2cccnc2)nc2ccsc12)N1CCC1,6.301030158996582,0.44872179882348817,0.4654550552368164,0,0
Cc1cc2nc(N[C@@H](C)c3cncc(F)c3)nc(C(=O)N3CC(NC(=O)C(C)(C)C)C3)c2s1,O=C(c1nc(NCc2cccnc2)nc2ccsc12)N1CCC1,8.0,0.5317420988082882,0.736882209777832,0,1
Cc1cc2nc(N[C@@H](C)c3cncc(F)c3)nc(C(=O)N3CC(NC(=O)C(C)C)C3)c2s1,O=C(c1nc(NCc2cccnc2)nc2ccsc12)N1CCC1,8.0,0.48675249576568635,0.5651168823242188,0,0
Cc1cc2nc(N[C@@H](C)c3cncc(F)c3)nc(C(=O)N3CC(NC(=O)OC(C)(C)C)C3)c2s1,O=C(c1nc(NCc2cccnc2)nc2ccsc12)N1CCC1,7.522878646850586,0.10379960632324181,0.3484187126159668,0,0
Cc1cc2nc(N[C@@H](C)c3cncc(F)c3)nc(C(=O)N3CC(NC(=O)OC(C)C)C3)c2s1,O=C(c1nc(NCc2cccnc2)nc2ccsc12)N1CCC1,7.522878646850586,0.10685009860992434,0.28346824645996094,0,0
Cc1cc2nc(N[C@@H](C)c3cncc(F)c3)nc(C(=O)N3CC(NC(=O)OCC(C)(C)C)C3)c2s1,O=C(c1nc(NCc2cccnc2)nc2ccsc12)N1CCC1,8.0,0.9654675902990126,0.8394436836242676,1,1
Cc1cc2nc(N[C@@H](C)c3cncc(F)c3)nc(C(=O)N3CC(O)C3)c2s1,O=C(c1nc(NCc2cccnc2)nc2ccsc12)N1CCC1,7.12493896484375,0.4581854341221048,0.34957456588745117,0,0
Cc1cc2nc(N[C@@H](C)c3cncc(F)c3)nc(C(=O)N3CCC3)c2s1,O=C(c1nc(NCc2cccnc2)nc2ccsc12)N1CCC1,7.12493896484375,0.4828999476206173,0.33480167388916016,0,0
Cc1cc2nc(N[C@@H](C)c3cncc(F)c3)nc(C(=O)N3CC[C@@H]3C)c2s1,O=C(c1nc(NCc2cccnc2)nc2ccsc12)N1CCC1,7.522878646850586,0.7824463560829926,0.7295188903808594,1,1
Cc1cc2nc(N[C@@H](C)c3cncc(F)c3)nc(C(=O)N3CC[C@H]3C)c2s1,O=C(c1nc(NCc2cccnc2)nc2ccsc12)N1CCC1,7.522878646850586,0.7824463560829926,0.5923223495483398,1,0
Cc1cncc(CNc2nc(C(=O)N3CCC3)c3sccc3n2)c1,O=C(c1nc(NCc2cccnc2)nc2ccsc12)N1CCC1,6.301030158996582,0.06664979746700084,0.1496725082397461,0,0
Cc1csc2c(C(=O)N3CC(NC(=O)C(C)(C)C)C3)nc(N[C@@H](C)c3cncc(F)c3)nc12,O=C(c1nc(NCc2cccnc2)nc2ccsc12)N1CCC1,8.0,0.5077684936523434,0.6177482604980469,0,0
Cc1csc2c(C(=O)N3CCC3)nc(N[C@@H](C)c3cncc(F)c3)nc12,O=C(c1nc(NCc2cccnc2)nc2ccsc12)N1CCC1,7.522878646850586,0.6065415819593918,0.5667281150817871,0,0
O=C(c1nc(NCc2cncc(C(F)(F)F)c2)nc2ccsc12)N1CCC1,O=C(c1nc(NCc2cccnc2)nc2ccsc12)N1CCC1,6.301030158996582,0.06468386474265131,0.11023664474487305,0,0
O=C(c1nc(NCc2cncc(F)c2)nc2ccsc12)N1CC(F)(F)C1,O=C(c1nc(NCc2cccnc2)nc2ccsc12)N1CCC1,6.301030158996582,0.066536665369477,0.06474590301513672,0,0
O=C(c1nc(NCc2cncc(F)c2)nc2ccsc12)N1CC(O)C1,O=C(c1nc(NCc2cccnc2)nc2ccsc12)N1CCC1,6.301030158996582,0.20852257020202813,0.24764347076416016,0,0
O=C(c1nc(NCc2cncc(F)c2)nc2ccsc12)N1CCC1,O=C(c1nc(NCc2cccnc2)nc2ccsc12)N1CCC1,6.522878646850586,0.13131392825663468,0.0738372802734375,0,0
CC(C)(O)Cn1cc(N2CCC[C@@H](c3nc4c5cc(F)c(OC(F)F)cc5nc(N)n4n3)C2)cn1,c1ccc2c(c1)ncn1nc(C3CCCN(c4cn[nH]c4)C3)nc21,8.130767822265625,0.023833556890487273,0.6201972961425781,0,0
CC(O)C(C)(C)n1cc(N2CCC[C@@H](c3nc4c5cc(F)cc(F)c5nc(N)n4n3)C2)cn1,c1ccc2c(c1)ncn1nc(C3CCCN(c4cn[nH]c4)C3)nc21,8.420818328857422,0.3309994301795971,0.7118492126464844,0,0
CC(O)C(C)n1cc(N2CC(c3nc4c5cc(F)cc(F)c5nc(N)n4n3)CCC2C)cn1,c1ccc2c(c1)ncn1nc(C3CCCN(c4cn[nH]c4)C3)nc21,8.107905387878418,0.9787045057296737,0.7234010696411133,1,0
CC(O)C(C)n1cc(N2CCC[C@@H](c3nc4c5cc(F)cc(F)c5nc(N)n4n3)C2)cn1,c1ccc2c(c1)ncn1nc(C3CCCN(c4cn[nH]c4)C3)nc21,8.153664588928223,0.5666174078941353,0.8545198440551758,0,1
CC1CC(c2nc3c4cc(F)cc(F)c4nc(N)n3n2)CN(c2cnn(C(C)(C)CO)c2)C1,c1ccc2c(c1)ncn1nc(C3CCCN(c4cn[nH]c4)C3)nc21,7.832773208618164,0.4692092398961396,0.9483308792114258,0,1
CC1CC(c2nc3c4cc(F)cc(F)c4nc(N)n3n2)CN(c2cnn(CC(C)(C)O)c2)C1,c1ccc2c(c1)ncn1nc(C3CCCN(c4cn[nH]c4)C3)nc21,7.619788646697998,0.666516241804759,1.0985016822814941,0,1
CC1CCC(c2nc3c4cc(F)cc(F)c4nc(N)n3n2)CN1c1cnn(CC(C)(CO)CO)c1,c1ccc2c(c1)ncn1nc(C3CCCN(c4cn[nH]c4)C3)nc21,7.916016578674316,0.5852737900098166,0.5497255325317383,0,0
CC1CCC(c2nc3c4cc(F)cc(F)c4nc(N)n3n2)CN1c1cnn(CC(C)(O)CO)c1,c1ccc2c(c1)ncn1nc(C3CCCN(c4cn[nH]c4)C3)nc21,7.628127574920654,0.7695544264316556,1.0277962684631348,1,1
CCC(C)(O)Cn1cc(N2CCC[C@@H](c3nc4c5cc(F)c(OC)cc5nc(N)n4n3)C2)cn1,c1ccc2c(c1)ncn1nc(C3CCCN(c4cn[nH]c4)C3)nc21,8.504386901855469,0.5336898760636659,0.3109102249145508,0,0
CCC1CCC(c2nc3c4cc(F)c(OC)cc4nc(N)n3n2)CN1c1cnn(CC(C)(C)O)c1,c1ccc2c(c1)ncn1nc(C3CCCN(c4cn[nH]c4)C3)nc21,7.865103244781494,0.24596785481770844,0.7418599128723145,0,1
CCn1cc(N2CCC[C@@H](c3nc4c5cc(F)c(OC)cc5nc(N)n4n3)C2)c(CO)n1,c1ccc2c(c1)ncn1nc(C3CCCN(c4cn[nH]c4)C3)nc21,8.236572265625,0.10073829808462342,0.7330970764160156,0,1
COc1cc(Cl)cc2c1nc(N)n1nc(C3CCCN(c4cnn(C)c4)C3)nc21,c1ccc2c(c1)ncn1nc(C3CCCN(c4cn[nH]c4)C3)nc21,7.752026557922363,0.9747550019582096,0.9483909606933594,1,1
COc1cc(F)cc2c1nc(N)n1nc(C3(F)CCCN(c4cnn(CC(C)(C)O)c4)C3)nc21,c1ccc2c(c1)ncn1nc(C3CCCN(c4cn[nH]c4)C3)nc21,7.636554718017578,0.2591962253252662,0.002712249755859375,0,0
COc1cc(F)cc2c1nc(N)n1nc(C3CC(C)CN(c4cn(C(C)(C)C(C)O)nc4C)C3)nc21,c1ccc2c(c1)ncn1nc(C3CCCN(c4cn[nH]c4)C3)nc21,8.154901504516602,0.8008019866943368,0.23728084564208984,1,0
COc1cc(F)cc2c1nc(N)n1nc(C3CC(C)CN(c4cn(C(C)(C)CO)nc4C)C3)nc21,c1ccc2c(c1)ncn1nc(C3CCCN(c4cn[nH]c4)C3)nc21,8.282875061035156,0.2987193809350348,0.10591506958007812,0,0
COc1cc(F)cc2c1nc(N)n1nc(C3CC(C)CN(c4cn(C(C)C(C)O)nc4C)C3)nc21,c1ccc2c(c1)ncn1nc(C3CCCN(c4cn[nH]c4)C3)nc21,8.576213836669922,0.34407215269406777,0.2537374496459961,0,0
COc1cc(F)cc2c1nc(N)n1nc(C3CC(C)CN(c4cnn(C(C)(C)CO)c4)C3)nc21,c1ccc2c(c1)ncn1nc(C3CCCN(c4cn[nH]c4)C3)nc21,8.397939682006836,0.14260939995447863,0.3034801483154297,0,0
COc1cc(F)cc2c1nc(N)n1nc(C3CC(C)CN(c4cnn(C(C)C(C)O)c4C)C3)nc21,c1ccc2c(c1)ncn1nc(C3CCCN(c4cn[nH]c4)C3)nc21,8.422636032104492,0.5347177627881372,0.19935226440429688,0,0
COc1cc(F)cc2c1nc(N)n1nc(C3CC(C)CN(c4cnn(CC(C)(C)O)c4)C3)nc21,c1ccc2c(c1)ncn1nc(C3CCCN(c4cn[nH]c4)C3)nc21,8.530240058898926,0.024251308520636172,0.1102142333984375,0,0
COc1cc(F)cc2c1nc(N)n1nc(C3CC(C)CN(c4cnn(CC(C)(C)O)c4C)C3)nc21,c1ccc2c(c1)ncn1nc(C3CCCN(c4cn[nH]c4)C3)nc21,8.4529390335083,0.19527516670227207,0.4112987518310547,0,0
COc1cc(F)cc2c1nc(N)n1nc(C3CC(F)CN(c4cn(CC(C)(C)O)nc4C)C3)nc21,c1ccc2c(c1)ncn1nc(C3CCCN(c4cn[nH]c4)C3)nc21,8.335199356079102,0.2584811079025293,0.026956558227539062,0,0
COc1cc(F)cc2c1nc(N)n1nc(C3CCC(C)N(c4cn(CC(C)(C)O)nc4C)C3)nc21,c1ccc2c(c1)ncn1nc(C3CCCN(c4cn[nH]c4)C3)nc21,7.295849323272705,1.373591165558496,1.2545199394226074,1,1
COc1cc(F)cc2c1nc(N)n1nc(C3CCC(C)N(c4cnn(C(C)(C)C(C)O)c4)C3)nc21,c1ccc2c(c1)ncn1nc(C3CCCN(c4cn[nH]c4)C3)nc21,8.602407455444336,0.5480480028152463,0.27962493896484375,0,0
COc1cc(F)cc2c1nc(N)n1nc(C3CCC(C)N(c4cnn(C(C)(C)CO)c4)C3)nc21,c1ccc2c(c1)ncn1nc(C3CCCN(c4cn[nH]c4)C3)nc21,8.293182373046875,0.5211238893667876,0.5825233459472656,0,0
COc1cc(F)cc2c1nc(N)n1nc(C3CCC(C)N(c4cnn(CC(C)(C)O)c4)C3)nc21,c1ccc2c(c1)ncn1nc(C3CCCN(c4cn[nH]c4)C3)nc21,8.004298210144043,0.7075160682201389,0.8101282119750977,0,1
COc1cc(F)cc2c1nc(N)n1nc([C@@H]3CCCN(c4cn(C(C)C(C)(C)O)nc4C)C3)nc21,c1ccc2c(c1)ncn1nc(C3CCCN(c4cn[nH]c4)C3)nc21,9.460409164428711,0.4760635888417557,0.4979076385498047,0,0
COc1cc(F)cc2c1nc(N)n1nc([C@@H]3CCCN(c4cn(C(C)C(C)O)nc4C)C3)nc21,c1ccc2c(c1)ncn1nc(C3CCCN(c4cn[nH]c4)C3)nc21,9.198969841003418,0.2198560341040281,0.45131969451904297,0,0
COc1cc(F)cc2c1nc(N)n1nc([C@@H]3CCCN(c4cn(CC(C)(C)O)nc4C)C3)nc21,c1ccc2c(c1)ncn1nc(C3CCCN(c4cn[nH]c4)C3)nc21,9.397939682006836,0.545395553509394,0.6264724731445312,0,0
COc1cc(F)cc2c1nc(N)n1nc([C@@H]3CCCN(c4cnn(C(C)(C)C(C)O)c4)C3)nc21,c1ccc2c(c1)ncn1nc(C3CCCN(c4cn[nH]c4)C3)nc21,8.872364044189453,0.015222845395403084,0.24503231048583984,0,0
COc1cc(F)cc2c1nc(N)n1nc([C@@H]3CCCN(c4cnn(C(C)(C)CO)c4)C3)nc21,c1ccc2c(c1)ncn1nc(C3CCCN(c4cn[nH]c4)C3)nc21,9.301030158996582,0.5462019130071027,0.1838226318359375,0,0
COc1cc(F)cc2c1nc(N)n1nc([C@@H]3CCCN(c4cnn(C(C)C(C)O)c4)C3)nc21,c1ccc2c(c1)ncn1nc(C3CCCN(c4cn[nH]c4)C3)nc21,8.90623950958252,0.07689352248509529,0.08983135223388672,0,0
COc1cc(F)cc2c1nc(N)n1nc([C@@H]3CCCN(c4cnn(C(C)C(C)O)c4C)C3)nc21,c1ccc2c(c1)ncn1nc(C3CCCN(c4cn[nH]c4)C3)nc21,8.827803611755371,0.2151683788299561,0.1631145477294922,0,0
COc1cc(F)cc2c1nc(N)n1nc([C@@H]3CCCN(c4cnn(CC(C)(C)O)c4)C3)nc21,c1ccc2c(c1)ncn1nc(C3CCCN(c4cn[nH]c4)C3)nc21,8.552842140197754,0.1871894107977532,0.5020170211791992,0,0
COc1cc(F)cc2c1nc(N)n1nc([C@@H]3CCCN(c4cnn(CC(C)(C)O)c4C)C3)nc21,c1ccc2c(c1)ncn1nc(C3CCCN(c4cn[nH]c4)C3)nc21,8.823908805847168,0.09227662261327119,0.3432626724243164,0,0
COc1cc(F)cc2c1nc(N)n1nc([C@@H]3CC[C@@H](C)N(c4cn(CC(C)(C)O)nc4C)C3)nc21,c1ccc2c(c1)ncn1nc(C3CCCN(c4cn[nH]c4)C3)nc21,8.537602424621582,0.13183806420961908,0.2912139892578125,0,0
COc1cc(F)cc2c1nc(N)n1nc([C@@H]3CC[C@H](C)N(c4cn(CC(C)(C)O)nc4C)C3)nc21,c1ccc2c(c1)ncn1nc(C3CCCN(c4cn[nH]c4)C3)nc21,9.698969841003418,1.0295293521722169,0.9151735305786133,1,1
COc1cc(F)cc2c1nc(N)n1nc([C@H]3CC[C@H](C)N(c4cn(CC(C)(C)O)nc4C)C3)nc21,c1ccc2c(c1)ncn1nc(C3CCCN(c4cn[nH]c4)C3)nc21,6.684029579162598,1.9854109096686035,2.0132617950439453,1,1
COc1cc2nc(N)n3nc(C4CC(C)CN(c5cn(C(C)(C)CO)nc5C)C4)nc3c2cc1F,c1ccc2c(c1)ncn1nc(C3CCCN(c4cn[nH]c4)C3)nc21,7.6216020584106445,0.6098353047563538,0.7862834930419922,0,1
COc1cc2nc(N)n3nc(C4CC(C)CN(c5cn(CC(C)(C)O)nc5C)C4)nc3c2cc1F,c1ccc2c(c1)ncn1nc(C3CCCN(c4cn[nH]c4)C3)nc21,8.282476425170898,0.1285049266304643,0.10814285278320312,0,0
COc1cc2nc(N)n3nc(C4CC(C)CN(c5cnn(C(C)(C)CO)c5)C4)nc3c2cc1F,c1ccc2c(c1)ncn1nc(C3CCCN(c4cn[nH]c4)C3)nc21,8.022275924682617,0.08880442761122254,0.7129583358764648,0,0
COc1cc2nc(N)n3nc(C4CC(C)CN(c5cnn(C(C)C(C)O)c5)C4)nc3c2cc1F,c1ccc2c(c1)ncn1nc(C3CCCN(c4cn[nH]c4)C3)nc21,8.47269344329834,0.09265313421885324,0.14478206634521484,0,0
COc1cc2nc(N)n3nc(C4CC(C)CN(c5cnn(CC(C)(C)O)c5C)C4)nc3c2cc1F,c1ccc2c(c1)ncn1nc(C3CCCN(c4cn[nH]c4)C3)nc21,8.480888366699219,0.24760418684940255,0.41987037658691406,0,0
COc1cc2nc(N)n3nc(C4CC(F)CN(c5cnn(CC(C)(C)O)c5)C4)nc3c2cc1F,c1ccc2c(c1)ncn1nc(C3CCCN(c4cn[nH]c4)C3)nc21,7.97469425201416,0.08997702362306725,0.7084817886352539,0,0
COc1cc2nc(N)n3nc(C4CCC(C)N(c5cn(CC(C)(C)O)nc5C)C4)nc3c2cc1F,c1ccc2c(c1)ncn1nc(C3CCCN(c4cn[nH]c4)C3)nc21,7.861046314239502,0.3163177037772318,0.707852840423584,0,0
COc1cc2nc(N)n3nc(C4CCC(C)N(c5cnn(C(C)(C)C(C)(C)O)c5)C4)nc3c2cc1F,c1ccc2c(c1)ncn1nc(C3CCCN(c4cn[nH]c4)C3)nc21,9.154901504516602,0.033170483080546376,0.3792581558227539,0,0
COc1cc2nc(N)n3nc(C4CCC(C)N(c5cnn(C(C)(C)C(C)O)c5)C4)nc3c2cc1F,c1ccc2c(c1)ncn1nc(C3CCCN(c4cn[nH]c4)C3)nc21,7.857671737670898,1.2688465648333214,1.0360536575317383,1,1
COc1cc2nc(N)n3nc(C4CCC(C)N(c5cnn(C(C)(C)CO)c5)C4)nc3c2cc1F,c1ccc2c(c1)ncn1nc(C3CCCN(c4cn[nH]c4)C3)nc21,8.585026741027832,0.0712139170805628,0.3245229721069336,0,0
COc1cc2nc(N)n3nc(C4CCC(C)N(c5cnn(C(C)(CO)CO)c5)C4)nc3c2cc1F,c1ccc2c(c1)ncn1nc(C3CCCN(c4cn[nH]c4)C3)nc21,8.279152870178223,0.23129771768252105,0.40972328186035156,0,0
COc1cc2nc(N)n3nc(C4CCC(C)N(c5cnn(C(C)C(C)(C)O)c5)C4)nc3c2cc1F,c1ccc2c(c1)ncn1nc(C3CCCN(c4cn[nH]c4)C3)nc21,9.221848487854004,0.10679610751470214,0.22068214416503906,0,0
COc1cc2nc(N)n3nc(C4CCC(C)N(c5cnn(C(C)C(C)O)c5)C4)nc3c2cc1F,c1ccc2c(c1)ncn1nc(C3CCCN(c4cn[nH]c4)C3)nc21,8.330771446228027,0.7993089692433681,0.4532194137573242,1,0
COc1cc2nc(N)n3nc(C4CCC(C)N(c5cnn(CC(C)(C)N)c5)C4)nc3c2cc1F,c1ccc2c(c1)ncn1nc(C3CCCN(c4cn[nH]c4)C3)nc21,8.121301651000977,0.07203226377169258,0.7172317504882812,0,0
COc1cc2nc(N)n3nc(C4CCC(C)N(c5cnn(CC(C)(C)O)c5C)C4)nc3c2cc1F,c1ccc2c(c1)ncn1nc(C3CCCN(c4cn[nH]c4)C3)nc21,8.329183578491211,0.04121256506212134,0.07603740692138672,0,0
COc1cc2nc(N)n3nc(C4CCC(C)N(c5cnn(CC(C)(O)CO)c5)C4)nc3c2cc1F,c1ccc2c(c1)ncn1nc(C3CCCN(c4cn[nH]c4)C3)nc21,7.803651332855225,0.32324537914593954,0.8113198280334473,0,1
COc1cc2nc(N)n3nc(C4CCC(C)N(c5cnn(CC(C)O)c5)C4)nc3c2cc1F,c1ccc2c(c1)ncn1nc(C3CCCN(c4cn[nH]c4)C3)nc21,8.903437614440918,0.6057514088789606,0.2893400192260742,0,0
COc1cc2nc(N)n3nc(C4CN(c5cnn(CC(C)(C)O)c5)CCC4C)nc3c2cc1F,c1ccc2c(c1)ncn1nc(C3CCCN(c4cn[nH]c4)C3)nc21,9.221848487854004,1.3012641176076531,0.429931640625,1,0
COc1cc2nc(N)n3nc([C@@H]4CCCN(c5cn(C(C)(C)CO)nc5C)C4)nc3c2cc1F,c1ccc2c(c1)ncn1nc(C3CCCN(c4cn[nH]c4)C3)nc21,9.301030158996582,0.6960891313182014,0.4605264663696289,0,0
COc1cc2nc(N)n3nc([C@@H]4CCCN(c5cn(CC(C)(C)O)nc5C)C4)nc3c2cc1F,c1ccc2c(c1)ncn1nc(C3CCCN(c4cn[nH]c4)C3)nc21,9.301030158996582,0.7983248900254623,0.49399566650390625,1,0
COc1cc2nc(N)n3nc([C@@H]4CCCN(c5cn(CS(C)(=O)=O)nc5C(F)F)C4)nc3c2cc1F,c1ccc2c(c1)ncn1nc(C3CCCN(c4cn[nH]c4)C3)nc21,8.173925399780273,0.3917619665516714,0.6170263290405273,0,0
COc1cc2nc(N)n3nc([C@@H]4CCCN(c5cn(CS(C)(=O)=O)nc5C)C4)nc3c2cc1F,c1ccc2c(c1)ncn1nc(C3CCCN(c4cn[nH]c4)C3)nc21,8.387216567993164,0.005443278572293764,0.2922382354736328,0,0
COc1cc2nc(N)n3nc([C@@H]4CCCN(c5cnn(C(C)(C)C(C)O)c5)C4)nc3c2cc1F,c1ccc2c(c1)ncn1nc(C3CCCN(c4cn[nH]c4)C3)nc21,8.698969841003418,0.02889969857533714,0.4539947509765625,0,0
COc1cc2nc(N)n3nc([C@@H]4CCCN(c5cnn(C(C)(C)C)c5)C4)nc3c2cc1F,c1ccc2c(c1)ncn1nc(C3CCCN(c4cn[nH]c4)C3)nc21,8.823908805847168,0.29538629929224847,0.504145622253418,0,0
COc1cc2nc(N)n3nc([C@@H]4CCCN(c5cnn(C(C)(C)CO)c5)C4)nc3c2cc1F,c1ccc2c(c1)ncn1nc(C3CCCN(c4cn[nH]c4)C3)nc21,8.42021656036377,0.1185355036046829,0.7336359024047852,0,1
COc1cc2nc(N)n3nc([C@@H]4CCCN(c5cnn(C(C)C(C)(C)O)c5)C4)nc3c2cc1F,c1ccc2c(c1)ncn1nc(C3CCCN(c4cn[nH]c4)C3)nc21,8.962226867675781,0.3242942701021825,0.2977485656738281,0,0
COc1cc2nc(N)n3nc([C@@H]4CCCN(c5cnn(C(C)C(C)O)c5)C4)nc3c2cc1F,c1ccc2c(c1)ncn1nc(C3CCCN(c4cn[nH]c4)C3)nc21,8.602060317993164,0.02124844859441133,0.43065643310546875,0,0
COc1cc2nc(N)n3nc([C@@H]4CCCN(c5cnn(C(C)C(C)O)c5C)C4)nc3c2cc1F,c1ccc2c(c1)ncn1nc(C3CCCN(c4cn[nH]c4)C3)nc21,8.450160026550293,0.5412428853670779,0.2533578872680664,0,0
COc1cc2nc(N)n3nc([C@@H]4CCCN(c5cnn(C(C)C)c5)C4)nc3c2cc1F,c1ccc2c(c1)ncn1nc(C3CCCN(c4cn[nH]c4)C3)nc21,8.337242126464844,0.2832960712750765,1.084197998046875,0,1
COc1cc2nc(N)n3nc([C@@H]4CCCN(c5cnn(C)c5)C4)nc3c2cc1F,c1ccc2c(c1)ncn1nc(C3CCCN(c4cn[nH]c4)C3)nc21,8.565383911132812,0.03755074888865195,0.6150951385498047,0,0
COc1cc2nc(N)n3nc([C@@H]4CCCN(c5cnn(CC(C)(C)O)c5)C4)nc3c2cc1F,c1ccc2c(c1)ncn1nc(C3CCCN(c4cn[nH]c4)C3)nc21,8.431797981262207,0.3881261529445652,0.6597061157226562,0,0
COc1cc2nc(N)n3nc([C@@H]4CCCN(c5cnn(CC(C)(C)O)c5C)C4)nc3c2cc1F,c1ccc2c(c1)ncn1nc(C3CCCN(c4cn[nH]c4)C3)nc21,8.346787452697754,0.2633740773359925,0.1744222640991211,0,0
COc1cc2nc(N)n3nc([C@@H]4CCCN(c5cnn(CC(F)(F)F)c5)C4)nc3c2cc1F,c1ccc2c(c1)ncn1nc(C3CCCN(c4cn[nH]c4)C3)nc21,8.481486320495605,0.4366768889427206,0.6518735885620117,0,0
COc1cc2nc(N)n3nc([C@@H]4CCCN(c5cnn(CCC(C)(C)O)c5)C4)nc3c2cc1F,c1ccc2c(c1)ncn1nc(C3CCCN(c4cn[nH]c4)C3)nc21,8.229147911071777,0.1499023964828936,0.7056198120117188,0,0
COc1cc2nc(N)n3nc([C@@H]4CCCN(c5cnn(CCCC(C)=O)c5)C4)nc3c2cc1F,c1ccc2c(c1)ncn1nc(C3CCCN(c4cn[nH]c4)C3)nc21,8.236572265625,0.18175846582518673,0.20093917846679688,0,0
COc1cc2nc(N)n3nc([C@@H]4CCCN(c5cnn(CCC[C@@H](C)O)c5)C4)nc3c2cc1F,c1ccc2c(c1)ncn1nc(C3CCCN(c4cn[nH]c4)C3)nc21,6.688246250152588,1.4478696324719316,1.6088147163391113,1,1
COc1cc2nc(N)n3nc([C@@H]4CCCN(c5cnn(CCC[C@H](C)O)c5)C4)nc3c2cc1F,c1ccc2c(c1)ncn1nc(C3CCCN(c4cn[nH]c4)C3)nc21,8.107905387878418,0.02821049474610149,0.28937244415283203,0,0
COc1cc2nc(N)n3nc([C@@H]4CCCN(c5cnn(CS(C)(=O)=O)c5)C4)nc3c2cc1F,c1ccc2c(c1)ncn1nc(C3CCCN(c4cn[nH]c4)C3)nc21,7.9281182289123535,0.12676201906733908,1.0155320167541504,0,1
COc1cc2nc(N)n3nc([C@@H]4CC[C@@H](C)N(c5cnn(C(C)C(C)O)c5)C4)nc3c2cc1F,c1ccc2c(c1)ncn1nc(C3CCCN(c4cn[nH]c4)C3)nc21,9.0,0.13008041547139548,0.17455387115478516,0,0
COc1cc2nc(N)n3nc([C@@H]4CC[C@H](C)N(c5cnn(C(C)C(C)(C)O)c5)C4)nc3c2cc1F,c1ccc2c(c1)ncn1nc(C3CCCN(c4cn[nH]c4)C3)nc21,9.522878646850586,0.4078262665112842,0.22571182250976562,0,0
COc1cc2nc(N)n3nc([C@@H]4CC[C@H](C)N(c5cnn(C(C)C(C)O)c5)C4)nc3c2cc1F,c1ccc2c(c1)ncn1nc(C3CCCN(c4cn[nH]c4)C3)nc21,6.913640022277832,2.2164403931935635,2.200357437133789,1,1
COc1cc2nc(N)n3nc([C@@H]4CC[C@H](C)N(c5cnn(CC(C)(C)O)c5)C4)nc3c2cc1F,c1ccc2c(c1)ncn1nc(C3CCCN(c4cn[nH]c4)C3)nc21,9.154901504516602,0.952367358636856,0.00621795654296875,1,0
COc1cc2nc(N)n3nc([C@@H]4C[C@@H](F)CN(c5cnn(CC(C)(C)O)c5)C4)nc3c2cc1F,c1ccc2c(c1)ncn1nc(C3CCCN(c4cn[nH]c4)C3)nc21,7.935542106628418,0.12912916900880944,1.1471729278564453,0,1
COc1cc2nc(N)n3nc([C@@H]4C[C@H](C)CN(c5cn(CC(C)(C)O)nc5C)C4)nc3c2cc1F,c1ccc2c(c1)ncn1nc(C3CCCN(c4cn[nH]c4)C3)nc21,8.95860767364502,0.8046361751045854,0.31456661224365234,1,0
COc1cc2nc(N)n3nc([C@H]4CCCN(c5cn(CS(C)(=O)=O)nc5C)C4)nc3c2cc1F,c1ccc2c(c1)ncn1nc(C3CCCN(c4cn[nH]c4)C3)nc21,8.920818328857422,0.528158482291964,0.3182849884033203,0,0
COc1cc2nc(N)n3nc([C@H]4CCCN(c5cnn(C(C)(C)C(C)O)c5)C4)nc3c2cc1F,c1ccc2c(c1)ncn1nc(C3CCCN(c4cn[nH]c4)C3)nc21,8.585026741027832,0.0850434014002488,0.49123287200927734,0,0
COc1cc2nc(N)n3nc([C@H]4CC[C@@H](C)N(c5cnn(C(C)C(C)O)c5)C4)nc3c2cc1F,c1ccc2c(c1)ncn1nc(C3CCCN(c4cn[nH]c4)C3)nc21,9.09691047668457,0.03316993878682517,0.0028181076049804688,0,0
COc1cc2nc(N)n3nc([C@H]4CC[C@H](C)N(c5cnn(C(C)C(C)O)c5)C4)nc3c2cc1F,c1ccc2c(c1)ncn1nc(C3CCCN(c4cn[nH]c4)C3)nc21,7.482804298400879,1.6472761170705166,1.5697202682495117,1,1
COc1cc2nc(N)n3nc([C@H]4C[C@@H](C)CN(c5cn(CC(C)(C)O)nc5C)C4)nc3c2cc1F,c1ccc2c(c1)ncn1nc(C3CCCN(c4cn[nH]c4)C3)nc21,7.476253509521484,0.6777179890189498,1.200718879699707,0,1
COc1cc2nc(N)n3nc([C@H]4C[C@H](F)CN(c5cnn(CC(C)(C)O)c5)C4)nc3c2cc1F,c1ccc2c(c1)ncn1nc(C3CCCN(c4cn[nH]c4)C3)nc21,6.917214393615723,1.1474568820215048,1.9897680282592773,1,1
C[C@@H]1CC[C@H](c2nc3c4cc(F)cc(F)c4nc(N)n3n2)CN1c1cnn(C(C)(CO)CO)c1,c1ccc2c(c1)ncn1nc(C3CCCN(c4cn[nH]c4)C3)nc21,8.853872299194336,0.21594159868558194,0.2159137725830078,0,0
C[C@H]1CC[C@@H](c2nc3c4cc(F)c(Cl)cc4nc(N)n3n2)CN1c1cnn(CC(C)(C)O)c1,c1ccc2c(c1)ncn1nc(C3CCCN(c4cn[nH]c4)C3)nc21,9.698969841003418,1.581833348560334,0.5215425491333008,1,0
C[C@H]1CC[C@@H](c2nc3c4cc(F)cc(F)c4nc(N)n3n2)CN1c1cnn(C(C)(CO)CO)c1,c1ccc2c(c1)ncn1nc(C3CCCN(c4cn[nH]c4)C3)nc21,7.570247650146484,1.0676830503622696,1.473097801208496,1,1
C[C@H]1CC[C@@H](c2nc3c4cc(F)cc(F)c4nc(N)n3n2)CN1c1cnn(CC(C)(C)O)c1,c1ccc2c(c1)ncn1nc(C3CCCN(c4cn[nH]c4)C3)nc21,9.154901504516602,0.6631900167147329,0.06298351287841797,0,0
Cc1c(N2CC(C)CC(c3nc4c5cc(F)cc(F)c5nc(N)n4n3)C2)cnn1C(C)C(C)O,c1ccc2c(c1)ncn1nc(C3CCCN(c4cn[nH]c4)C3)nc21,7.792847633361816,1.0507848335901908,0.5096302032470703,1,0
Cc1cc(Cl)cc2c1nc(N)n1nc(C3CCCN(c4cnn(C)c4)C3)nc21,c1ccc2c(c1)ncn1nc(C3CCCN(c4cn[nH]c4)C3)nc21,6.482804298400879,2.2148891438802067,2.0064430236816406,1,1
Cc1cc2nc(N)n3nc([C@@H]4CC[C@H](C)N(c5cnn(CC(C)(C)O)c5)C4)nc3c2cc1F,c1ccc2c(c1)ncn1nc(C3CCCN(c4cn[nH]c4)C3)nc21,9.397939682006836,1.211589125506082,0.23989200592041016,1,0
Cc1nn(C(C)(C)CO)cc1N1CC(C)CC(c2nc3c4cc(F)cc(F)c4nc(N)n3n2)C1,c1ccc2c(c1)ncn1nc(C3CCCN(c4cn[nH]c4)C3)nc21,8.01716423034668,0.33274681003888595,0.44170570373535156,0,0
Cc1nn(C(C)C(C)O)cc1N1CC(C)CC(c2nc3c4cc(F)cc(F)c4nc(N)n3n2)C1,c1ccc2c(c1)ncn1nc(C3CCCN(c4cn[nH]c4)C3)nc21,8.107335090637207,0.7112555941740677,0.2885856628417969,0,0
Cc1nn(C(C)C(C)O)cc1N1CCC[C@@H](c2nc3c4cc(F)cc(F)c4nc(N)n3n2)C1,c1ccc2c(c1)ncn1nc(C3CCCN(c4cn[nH]c4)C3)nc21,9.071333885192871,0.14836034417152355,0.31873226165771484,0,0
Cc1nn(CC(C)(C)O)cc1N1CC(C)CC(c2nc3c4cc(F)cc(F)c4nc(N)n3n2)C1,c1ccc2c(c1)ncn1nc(C3CCCN(c4cn[nH]c4)C3)nc21,8.421725273132324,0.06869324599901816,0.0032796859741210938,0,0
Cc1nn(CC(C)(C)O)cc1N1CCC[C@@H](c2nc3c4cc(F)c(OC(F)F)cc4nc(N)n3n2)C1,c1ccc2c(c1)ncn1nc(C3CCCN(c4cn[nH]c4)C3)nc21,8.920818328857422,0.43412422785759475,0.4291067123413086,0,0
Cn1cc(N2CCCC(c3nc4c5c(F)c(F)ccc5nc(N)n4n3)C2)cn1,c1ccc2c(c1)ncn1nc(C3CCCN(c4cn[nH]c4)C3)nc21,6.896196365356445,1.6377655581792183,1.7244691848754883,1,1
Cn1cc(N2CCCC(c3nc4c5cc(Cl)ccc5nc(N)n4n3)C2)cn1,c1ccc2c(c1)ncn1nc(C3CCCN(c4cn[nH]c4)C3)nc21,6.500312805175781,2.089812750562034,1.8274822235107422,1,1
Cn1cc(N2CCCC(c3nc4c5cc(F)c(F)cc5nc(N)n4n3)C2)cn1,c1ccc2c(c1)ncn1nc(C3CCCN(c4cn[nH]c4)C3)nc21,7.485452175140381,1.0412056636174505,1.406038761138916,1,1
Cn1cc(N2CCCC(c3nc4c5cc(F)cc(F)c5nc(N)n4n3)C2)cn1,c1ccc2c(c1)ncn1nc(C3CCCN(c4cn[nH]c4)C3)nc21,9.301030158996582,0.6615893356641109,0.39890003204345703,0,0
Cn1cc(N2CCCC(c3nc4c5cc(F)ccc5nc(N)n4n3)C2)cn1,c1ccc2c(c1)ncn1nc(C3CCCN(c4cn[nH]c4)C3)nc21,6.982966423034668,1.6640952638626114,1.5282278060913086,1,1
Cn1cc(N2CCC[C@@H](c3nc4c5cc(Cl)cc(Cl)c5nc(N)n4n3)C2)cn1,c1ccc2c(c1)ncn1nc(C3CCCN(c4cn[nH]c4)C3)nc21,7.235823631286621,1.4537699126561474,1.7700920104980469,1,1
CC(=O)N[C@@H]1CCN(C(=O)c2nc(N[C@@H](C)c3ccccn3)nc3ccsc23)C1,O=C(c1nc(NCc2ccccn2)nc2ccsc12)N1CCCC1,6.301030158996582,0.5560487198271513,0.5152087211608887,0,0
CC(=O)N[C@H]1CCN(C(=O)c2nc(N[C@@H](C)c3ccccn3)nc3ccsc23)C1,O=C(c1nc(NCc2ccccn2)nc2ccsc12)N1CCCC1,6.301030158996582,0.5560487198271513,0.6972670555114746,0,0
CCO[C@@H]1CCN(C(=O)c2nc(N[C@@H](C)c3ccccn3)nc3ccsc23)C1,O=C(c1nc(NCc2ccccn2)nc2ccsc12)N1CCCC1,7.12493896484375,0.4753365597836332,0.41542959213256836,0,0
CCO[C@H]1CCN(C(=O)c2nc(N[C@@H](C)c3ccccn3)nc3ccsc23)C1,O=C(c1nc(NCc2ccccn2)nc2ccsc12)N1CCCC1,6.522878646850586,0.12672375820953086,0.2478342056274414,0,0
CNc1cc2nc(NCc3ccccn3)nc(C(=O)N3CCCC3)c2s1,O=C(c1nc(NCc2ccccn2)nc2ccsc12)N1CCCC1,6.301030158996582,0.2831671649036931,0.2780303955078125,0,0
CNc1cc2nc(N[C@@H](C)c3ccccn3)nc(C(=O)N3CC[C@@H](C)C3)c2s1,O=C(c1nc(NCc2ccccn2)nc2ccsc12)N1CCCC1,6.522878646850586,0.1252732836645718,0.29044437408447266,0,0
CNc1cc2nc(N[C@@H](C)c3ccccn3)nc(C(=O)N3CC[C@@H](F)C3)c2s1,O=C(c1nc(NCc2ccccn2)nc2ccsc12)N1CCCC1,6.522878646850586,0.011121253836542166,0.30241966247558594,0,0
CNc1cc2nc(N[C@@H](C)c3ccccn3)nc(C(=O)N3CC[C@@H](O)C3)c2s1,O=C(c1nc(NCc2ccccn2)nc2ccsc12)N1CCCC1,6.301030158996582,0.16919255887684326,0.4723672866821289,0,0
COC[C@@H]1CCN(C(=O)c2nc(N[C@@H](C)c3ccccn3)nc3cc(C)sc23)C1,O=C(c1nc(NCc2ccccn2)nc2ccsc12)N1CCCC1,6.522878646850586,0.4905282480137876,0.22305536270141602,0,0
COC[C@@H]1CCN(C(=O)c2nc(N[C@@H](C)c3ccccn3)nc3ccsc23)C1,O=C(c1nc(NCc2ccccn2)nc2ccsc12)N1CCCC1,6.522878646850586,0.43741024906749804,0.15345525741577148,0,0
COC[C@H]1CCN(C(=O)c2nc(N[C@@H](C)c3ccccn3)nc3cc(C)sc23)C1,O=C(c1nc(NCc2ccccn2)nc2ccsc12)N1CCCC1,6.301030158996582,0.7123767358677915,0.5092735290527344,0,0
COC[C@H]1CCN(C(=O)c2nc(N[C@@H](C)c3ccccn3)nc3ccsc23)C1,O=C(c1nc(NCc2ccccn2)nc2ccsc12)N1CCCC1,6.522878646850586,0.43741024906749804,0.21895217895507812,0,0
CO[C@@H]1CCN(C(=O)c2nc(N[C@@H](C)c3ccccn3)nc3c(C)csc23)C1,O=C(c1nc(NCc2ccccn2)nc2ccsc12)N1CCCC1,7.522878646850586,0.25406171398858035,0.48128557205200195,0,0
CO[C@@H]1CCN(C(=O)c2nc(N[C@@H](C)c3ccccn3)nc3cc(C)sc23)C1,O=C(c1nc(NCc2ccccn2)nc2ccsc12)N1CCCC1,7.522878646850586,0.6364350091045017,0.6741690635681152,0,0
CO[C@H]1CCN(C(=O)c2nc(N[C@@H](C)c3ccccn3)nc3c(C)csc23)C1,O=C(c1nc(NCc2ccccn2)nc2ccsc12)N1CCCC1,6.522878646850586,0.7459382860114196,0.6379437446594238,1,0
CO[C@H]1CCN(C(=O)c2nc(N[C@@H](C)c3ccccn3)nc3cc(C)sc23)C1,O=C(c1nc(NCc2ccccn2)nc2ccsc12)N1CCCC1,7.12493896484375,0.23849532709766574,0.19235610961914062,0,0
CO[C@H]1CCN(C(=O)c2nc(N[C@@H](C)c3ccccn3)nc3ccsc23)C1,O=C(c1nc(NCc2ccccn2)nc2ccsc12)N1CCCC1,7.522878646850586,0.8801903885254196,0.6725916862487793,1,0
C[C@@H]1CCN(C(=O)c2nc(N[C@@H](C)c3ccccn3)nc3cc(N)sc23)C1,O=C(c1nc(NCc2ccccn2)nc2ccsc12)N1CCCC1,6.522878646850586,0.14631746135095014,0.13011598587036133,0,0
C[C@@H]1CCN(C(=O)c2nc(N[C@@H](C)c3ccccn3)nc3ccsc23)C1,O=C(c1nc(NCc2ccccn2)nc2ccsc12)N1CCCC1,7.12493896484375,0.4368131928168051,0.37407684326171875,0,0
C[C@H](Nc1nc(C(=O)N2CCC(C(=O)O)C2)c2sccc2n1)c1ccccn1,O=C(c1nc(NCc2ccccn2)nc2ccsc12)N1CCCC1,6.301030158996582,0.45186525991648185,0.5237493515014648,0,0
C[C@H](Nc1nc(C(=O)N2CCC(C(=O)OC(C)(C)C)C2)c2sccc2n1)c1ccccn1,O=C(c1nc(NCc2ccccn2)nc2ccsc12)N1CCCC1,6.301030158996582,0.5556832939986194,0.31678247451782227,0,0
C[C@H](Nc1nc(C(=O)N2CCC(F)(F)C2)c2sccc2n1)c1ccccn1,O=C(c1nc(NCc2ccccn2)nc2ccsc12)N1CCCC1,6.522878646850586,0.0018250010476572598,0.13821983337402344,0,0
C[C@H](Nc1nc(C(=O)N2CCCC2)c2sccc2n1)c1ccccn1,O=C(c1nc(NCc2ccccn2)nc2ccsc12)N1CCCC1,7.12493896484375,0.4842894008601233,0.381685733795166,0,0
C[C@H](Nc1nc(C(=O)N2CC[C@@H](F)C2)c2sc(N)cc2n1)c1ccccn1,O=C(c1nc(NCc2ccccn2)nc2ccsc12)N1CCCC1,6.522878646850586,0.01656800130872238,0.20674800872802734,0,0
C[C@H](Nc1nc(C(=O)N2CC[C@@H](F)C2)c2sccc2n1)c1ccccn1,O=C(c1nc(NCc2ccccn2)nc2ccsc12)N1CCCC1,7.522878646850586,0.9735746005388437,0.6802272796630859,1,0
C[C@H](Nc1nc(C(=O)N2CC[C@@H](N)C2)c2sccc2n1)c1ccccn1,O=C(c1nc(NCc2ccccn2)nc2ccsc12)N1CCCC1,6.301030158996582,0.21313377308553783,0.41118383407592773,0,0
C[C@H](Nc1nc(C(=O)N2CC[C@@H](NC(=O)OC(C)(C)C)C2)c2sccc2n1)c1ccccn1,O=C(c1nc(NCc2ccccn2)nc2ccsc12)N1CCCC1,6.522878646850586,0.5590171706972633,0.25641345977783203,0,0
C[C@H](Nc1nc(C(=O)N2CC[C@@H](O)C2)c2sc(C(F)(F)F)cc2n1)c1ccccn1,O=C(c1nc(NCc2ccccn2)nc2ccsc12)N1CCCC1,6.301030158996582,0.3613338660331413,0.4941983222961426,0,0
C[C@H](Nc1nc(C(=O)N2CC[C@@H](O)C2)c2sc(N)cc2n1)c1ccccn1,O=C(c1nc(NCc2ccccn2)nc2ccsc12)N1CCCC1,6.301030158996582,0.2062732548003936,0.37337779998779297,0,0
C[C@H](Nc1nc(C(=O)N2CC[C@@H](O)C2)c2sccc2n1)c1ccccn1,O=C(c1nc(NCc2ccccn2)nc2ccsc12)N1CCCC1,6.522878646850586,0.004865410038555673,0.2653942108154297,0,0
C[C@H](Nc1nc(C(=O)N2CC[C@@H](S(C)(=O)=O)C2)c2sccc2n1)c1ccccn1,O=C(c1nc(NCc2ccccn2)nc2ccsc12)N1CCCC1,6.301030158996582,0.4869318070006896,0.4291572570800781,0,0
C[C@H](Nc1nc(C(=O)N2CC[C@H](F)C2)c2sccc2n1)c1ccccn1,O=C(c1nc(NCc2ccccn2)nc2ccsc12)N1CCCC1,7.12493896484375,0.5756349185320078,0.3679642677307129,0,0
C[C@H](Nc1nc(C(=O)N2CC[C@H](NC(=O)OC(C)(C)C)C2)c2sccc2n1)c1ccccn1,O=C(c1nc(NCc2ccccn2)nc2ccsc12)N1CCCC1,7.12493896484375,0.04304314729590075,0.4974479675292969,0,0
C[C@H](Nc1nc(C(=O)N2CC[C@H](O)C2)c2sccc2n1)c1ccccn1,O=C(c1nc(NCc2ccccn2)nc2ccsc12)N1CCCC1,6.301030158996582,0.21698307781544823,0.4018211364746094,0,0
C[C@H](Nc1nc(C(=O)N2CC[C@H](S(C)(=O)=O)C2)c2sccc2n1)c1ccccn1,O=C(c1nc(NCc2ccccn2)nc2ccsc12)N1CCCC1,6.522878646850586,0.2650833191466857,0.12172269821166992,0,0
C[C@H]1CCN(C(=O)c2nc(N[C@@H](C)c3ccccn3)nc3ccsc23)C1,O=C(c1nc(NCc2ccccn2)nc2ccsc12)N1CCCC1,6.522878646850586,0.16524712517635898,0.3163633346557617,0,0
Cc1cc2nc(N[C@@H](C)c3ccccn3)nc(C(=O)N3CCCC3)c2s1,O=C(c1nc(NCc2ccccn2)nc2ccsc12)N1CCCC1,7.522878646850586,0.824094343694286,0.6992878913879395,1,0
Cc1cc2nc(N[C@@H](C)c3ccccn3)nc(C(=O)N3CC[C@@H](O)C3)c2s1,O=C(c1nc(NCc2ccccn2)nc2ccsc12)N1CCCC1,6.522878646850586,0.0644556631486708,0.3355588912963867,0,0
Cc1cc2nc(N[C@@H](C)c3ccccn3)nc(C(=O)N3CC[C@H](O)C3)c2s1,O=C(c1nc(NCc2ccccn2)nc2ccsc12)N1CCCC1,6.301030158996582,0.2863041510026747,0.4739813804626465,0,0
Cc1csc2c(C(=O)N3CCCC3)nc(N[C@@H](C)c3ccccn3)nc12,O=C(c1nc(NCc2ccccn2)nc2ccsc12)N1CCCC1,7.522878646850586,0.24923974690996076,0.48529767990112305,0,0
O=C(c1nc(NCc2ccc(F)cn2)nc2ccsc12)N1CCCC1,O=C(c1nc(NCc2ccccn2)nc2ccsc12)N1CCCC1,6.301030158996582,0.05090939388985394,0.6218595504760742,0,0
O=C(c1nc(NCc2ccc(F)cn2)nc2ccsc12)N1CC[C@H](O)C1,O=C(c1nc(NCc2ccccn2)nc2ccsc12)N1CCCC1,6.301030158996582,0.016885525842199378,0.4441814422607422,0,0
O=C(c1nc(NCc2cccc(F)n2)nc2ccsc12)N1CCCC1,O=C(c1nc(NCc2ccccn2)nc2ccsc12)N1CCCC1,6.301030158996582,0.21906461062470584,0.6343169212341309,0,0
O=C(c1nc(NCc2cccc(O)n2)nc2ccsc12)N1CCCC1,O=C(c1nc(NCc2ccccn2)nc2ccsc12)N1CCCC1,6.301030158996582,0.12314455377359579,0.530846118927002,0,0
O=C(c1nc(NCc2ccccn2)nc2ccsc12)N1CCCC1,O=C(c1nc(NCc2ccccn2)nc2ccsc12)N1CCCC1,6.522878646850586,0.07987312240299183,0.05316781997680664,0,0
