hidden,num_layers,dropout,split,seed,valid_rmse,valid_rmse_std,test_rmse,test_r2,test_mae,best_epoch,train_seconds
128,4,0.2,scaffold,42,0.7468972943630092,0.5925248265266418,0.7913516614187285,0.5953733325004578,0.5781548619270325,96,416.8
128,4,0.2,scaffold,1,0.7409097442021562,0.5877748131752014,0.8354485053054377,0.5490225553512573,0.586298406124115,98,220.9
128,4,0.2,scaffold,2,0.7580547152639383,0.6013761758804321,0.7766436390539597,0.6102743148803711,0.5700108408927917,99,461.9
128,4,0.3,scaffold,42,0.7596573158377851,0.6026475429534912,0.7908094349322912,0.5959275960922241,0.5764320492744446,95,190.4
128,4,0.3,scaffold,1,0.7928170225918052,0.6289536356925964,0.7840740279942463,0.6027814149856567,0.5817282199859619,99,166.1
128,4,0.3,scaffold,2,0.7600085656119404,0.6029261946678162,0.7665235346063272,0.620364785194397,0.5663327574729919,95,114.0
128,5,0.2,scaffold,42,0.7503614811730586,0.5952730178833008,0.7760402926917148,0.6108796000480652,0.5666550993919373,96,131.7
128,5,0.2,scaffold,1,0.7444309574461272,0.5905682444572449,0.7755427367475706,0.6113784313201904,0.5619209408760071,99,130.3
128,5,0.2,scaffold,2,0.759974379805044,0.6028990745544434,0.7780736055981173,0.6088378429412842,0.5763781666755676,99,129.7
128,5,0.3,scaffold,42,0.7656021149566072,0.6073636412620544,0.7690740476111019,0.617834210395813,0.5774815082550049,96,129.7
128,5,0.3,scaffold,1,0.7748119967354228,0.6146699786186218,0.7885510892989561,0.5982322096824646,0.5897325873374939,100,130.6
128,5,0.3,scaffold,2,0.758837232140479,0.6019969582557678,0.7580429985059709,0.6287186145782471,0.5614840388298035,100,131.1
256,4,0.2,scaffold,42,0.7059081362260144,0.5600075125694275,0.7619043368667597,0.6249265670776367,0.5612103343009949,96,157.8
256,4,0.2,scaffold,1,0.7189771072347639,0.5703753232955933,0.7629155074367192,0.6239302754402161,0.5515051484107971,100,147.0
256,4,0.2,scaffold,2,0.6919487564314863,0.5489333271980286,0.7891633375339989,0.5976080894470215,0.581779420375824,97,147.7
256,4,0.3,scaffold,42,0.7359561080824051,0.5838450193405151,0.7369576351044345,0.6490861177444458,0.5551113486289978,97,147.5
256,4,0.3,scaffold,1,0.7354903546385572,0.5834755301475525,0.767067387456747,0.6198259592056274,0.5648776888847351,100,148.0
256,4,0.3,scaffold,2,0.7273536066617226,0.577020525932312,0.7712549182234234,0.6156637668609619,0.5675196051597595,100,147.3
256,5,0.2,scaffold,42,0.7068580508558853,0.5607610940933228,0.79229361822179,0.5944094657897949,0.5720518231391907,100,497.5
256,5,0.2,scaffold,1,0.7229584388994681,0.5735337734222412,0.7749073434631162,0.612014889717102,0.56845623254776,100,190.7
256,5,0.2,scaffold,2,0.7223663106705658,0.5730640292167664,0.7969432128433432,0.5896351337432861,0.5921251773834229,97,177.0
256,5,0.3,scaffold,42,0.7236547023555318,0.5740861296653748,0.7967614111632272,0.5898222923278809,0.5736890435218811,97,167.9
256,5,0.3,scaffold,1,0.7304535455776318,0.5794797539710999,0.7662923590198375,0.620593786239624,0.5648335218429565,91,166.4
256,5,0.3,scaffold,2,0.7455200195801126,0.5914322137832642,0.7795668590836354,0.6073349714279175,0.5709002017974854,97,443.6
