tag,model,split,n_seeds,r2_mean,r2_std,rmse_mean,rmse_std
abl1,baseline_gin,random,3,0.7524681289990743,0.0064883047868446,0.7824501979605177,0.010284948693877362
abl1,baseline_gin,scaffold,3,0.7095979253451029,0.03722293316151918,0.6586901142995171,0.04225141700053957
abl1,tuned_gin,random,3,0.7562169830004374,0.014200851320469,0.7762464787858215,0.02239931158292274
abl1,tuned_gin,scaffold,3,0.6926862398783366,0.06318730633963432,0.6755878413484838,0.06789414346606348
abl1,gine,random,3,0.7525689403216044,0.0074466426558374085,0.7822688972464019,0.011837177099167302
abl1,gine,scaffold,3,0.6383481423060099,0.08280845515689704,0.7320247246929235,0.08176641664238059
herg,baseline_gin,random,3,0.6155459483464559,0.01693176913540742,0.5742258560849293,0.012631964435138936
herg,baseline_gin,scaffold,3,0.4170866211255391,0.007223774866377766,0.8229450913265351,0.005103645022486038
herg,tuned_gin,random,3,0.6124315857887268,0.016129387878708303,0.5765612801790289,0.012015189086501324
herg,tuned_gin,scaffold,3,0.4547578493754069,0.009229425714157862,0.7958958799514851,0.006756867989752307
herg,gine,random,3,0.5927204489707947,0.02536179052484933,0.5908884189734182,0.018222012297833
herg,gine,scaffold,3,0.4537483851114909,0.007497807528464377,0.7966422642815845,0.0054653648139886615
mapk14,baseline_gin,random,3,0.67828369140625,0.007001407095024014,0.7048373128507245,0.007641303926352241
mapk14,baseline_gin,scaffold,3,0.6113519072532654,0.023773568243992564,0.7751985681586122,0.023973825530555822
mapk14,tuned_gin,random,3,0.6972918709119161,0.005965611016601136,0.683705315066835,0.006714634932949934
mapk14,tuned_gin,scaffold,3,0.6219044725100199,0.011926281208333913,0.7648734674641279,0.011999735393689655
mapk14,gine,random,3,0.6739077568054199,0.003081489998137954,0.7096484170855595,0.003357808292728143
mapk14,gine,scaffold,3,0.5939873854319254,0.012584312276851589,0.7926098471241132,0.01233265955983327
